"ISO3","Name","1995","1996","1997","1998","1999","2000","2001","2002","2003","2004","2005","2006","2007","2008","2009","2010","2011","2012","2013","2014","2015","2016","2017","2018","2019","2020","2021","2022"
"AFG","Afghanistan",0.154076914078849,0.154076914078849,0.153212890674666,0.152348867270485,0.151349863280377,0.150350859290266,0.185095276360343,0.21983969343042,0.191740599059508,0.175000422455192,0.214252826061171,0.188168883968539,0.154754031822113,0.106931940089784,0.103480932341381,0.126235230269251,0.139497370195925,0.153861543961343,0.136523080572786,0.155150565491137,0.129078312692637,0.111956039722929,0.0891074891707909,0.0962831161804273,0.113633186832983,0.1049930348213,0.136663926313315,0.131112290886731
"ALB","Albania",0.512016343150755,0.512016343150755,0.494178667436055,0.476340991721355,0.476686307825297,0.47703162392924,0.497870472080141,0.518709320231043,0.516634460268786,0.496424511522855,0.483042617853924,0.482507719855935,0.534836160084924,0.564678787976774,0.562160342693601,0.536985111202511,0.521348214269601,0.545216955657463,0.585740499505686,0.653529896128522,0.628697897944998,0.627976894079902,0.634225344735741,0.632999317222177,0.588857658706572,0.585163626431651,0.603694244015205,0.589699883884294
"DZA","Algeria",0.263143544860065,0.263143544860065,0.254921028769445,0.246698512678823,0.28508928200828,0.323480051337739,0.306106109916113,0.288732168494489,0.268115452820285,0.336105124734202,0.412748196526483,0.376149324211146,0.371991011630068,0.381407783937876,0.364021230383108,0.353277272025542,0.33586906251533,0.341979097573369,0.363082292958812,0.365118485966531,0.38227820569253,0.380737618248489,0.411724942377932,0.425055926094787,0.38829179382021,0.4240766400982,0.399197207989538,0.442319147342691
"AND","Andorra",,,,,,,,,,,,,,,,,,,,,,,,,,,,
"AGO","Angola",0.215214916490862,0.215214916490862,0.193182975925305,0.171151035359746,0.195225259670492,0.219299483981237,0.259037823848819,0.298776163716398,0.396625604295491,0.387037573574878,0.417648922837698,0.477123856561451,0.455240769928278,0.507687689869,0.51012974234663,0.531015778332265,0.506405994655573,0.502950823877856,0.502622088114801,0.512600054205513,0.4829844995038,0.514604537439456,0.502983118116339,0.51010238016997,0.506258586504304,0.466583158622819,0.447893259026063,0.458753249008543
"ATG","Antigua and Barbuda",0.693284344663718,0.693284344663718,0.69426793211547,0.695251519567222,0.693937473719596,0.692623427871969,0.699446545760264,0.706269663648559,0.718850225443418,0.756515345951428,0.712798636856041,0.707518736502967,0.708008928077783,0.709939384242438,0.694095745736771,0.725612584636642,0.734659431800228,0.737790337457207,0.734878790633012,0.739297774473239,0.739816194668009,0.717742275181241,0.695861834019898,0.711492450520653,0.731284148119517,0.729828267042868,0.733273173800034,0.73229815337043
"ARG","Argentina",0.589085976768082,0.589085976768082,0.567924051651668,0.546762126535255,0.566586262566196,0.586410398597137,0.511373703057435,0.436337007517734,0.508023018804096,0.46482692420957,0.562739320353268,0.570264363251247,0.586749771361508,0.554829268579538,0.529523896280442,0.555338101502366,0.597277475214185,0.587651879818963,0.581161840163955,0.569044735890576,0.571433540797626,0.603944697395757,0.597887797357186,0.571097356874616,0.553090286128901,0.557535199181881,0.570006407598088,0.568349493412909
"ARM","Armenia",0.507135263056695,0.507135263056695,0.481521017822523,0.455906772588351,0.454179540954447,0.452452309320543,0.489187851529887,0.52592339373923,0.610691070966566,0.549912351570573,0.558514194227835,0.525022020989543,0.595886128782225,0.568746925648353,0.609125105449738,0.58228709750274,0.558938489970422,0.596555176811033,0.588915368187746,0.518809678973429,0.525748864374821,0.455018447756894,0.462198945305752,0.492319738985035,0.497665781260741,0.43718049262705,0.43160771393336,0.432786568992839
"AUS","Australia",0.810098639595847,0.810098639595847,0.781747169263111,0.753395698930376,0.776401521757427,0.799407344584476,0.786973893581651,0.774540442578825,0.720988053787487,0.730853325854373,0.723326015151622,0.730681821351164,0.729719884727974,0.73416258553077,0.717031955741133,0.722836110682276,0.730895735433786,0.741610972990594,0.747300982999911,0.74749348721749,0.720138826568773,0.747705514607025,0.720649064257649,0.736934301737349,0.72773091031629,0.718159839325935,0.713624957159762,0.730527932819289
"AUT","Austria",0.812567295471394,0.812567295471394,0.786774693654362,0.760982091837329,0.73616301339995,0.711343934962572,0.75752520868056,0.803706482398548,0.735418805260625,0.757377831290591,0.759837997047243,0.754763264313726,0.790884065006585,0.800320114395944,0.774791495804734,0.768215529584085,0.775246968125223,0.800543113315936,0.804591608054768,0.788524017028799,0.764204194496073,0.723406578997234,0.747051611391754,0.722115629759286,0.723390142209081,0.72260713381625,0.72465253470654,0.679679975016902
"AZE","Azerbaijan",0.427325382043046,0.427325382043046,0.43821839428145,0.449111406519854,0.438143972442141,0.427176538364427,0.396592228284614,0.366007918204799,0.40682446215712,0.387606903721724,0.376423550949983,0.381952074386239,0.462235899881237,0.513095854590759,0.522126803288949,0.528888703626109,0.478382680748069,0.446795306186499,0.498901698532366,0.473604804816678,0.443670419490622,0.430769540275237,0.440576581200564,0.447539360519323,0.450638397469141,0.423314005939966,0.425796586430805,0.409613866111399
"BHS","Bahamas",0.754172667854572,0.754172667854572,0.755575383150452,0.756978098446333,0.773510687542132,0.790043276637932,0.762175338058488,0.734307399479043,0.712082185663397,0.723137817516092,0.731314345462692,0.709347926466875,0.695528566091925,0.703168483661484,0.717799183586886,0.740870384430943,0.759781478284737,0.773613440539062,0.76514934570304,0.734467081389151,0.7238893776062,0.735064578633348,0.737957730199935,0.715731419231243,0.707801791735005,0.712751315722339,0.71629500726869,0.721902453947872
"BHR","Bahrain",0.516972039905692,0.516972039905692,0.529483568215685,0.541995096525679,0.560800266405166,0.579605436284652,0.599781368159282,0.619957300033911,0.65317426986208,0.623840386133889,0.572362260823968,0.507126316645177,0.527301456416323,0.529091817928867,0.546316595241662,0.485033273883361,0.406352840153948,0.375540086403981,0.340194388449763,0.413813255282207,0.386152981114531,0.433557898345305,0.404993098394654,0.424335804053634,0.46209160887507,0.464968959387045,0.479648169883096,0.499904875805557
"BGD","Bangladesh",0.475513348681718,0.475513348681718,0.490829879488709,0.5061464102957,0.475566891288416,0.444987372281132,0.418638524123668,0.392289675966204,0.378012802771175,0.33588356134156,0.24929019324823,0.310660402462808,0.304471762028612,0.310448128982872,0.303835290216873,0.324647770806492,0.328269442249227,0.332681638095845,0.28988584030275,0.415862419304906,0.361808877662062,0.353214416435164,0.35426487382699,0.400378811058515,0.410176808161539,0.412379747924679,0.391594265502997,0.382005619556377
"BRB","Barbados",0.750620947608829,0.750620947608829,0.753536339595568,0.756451731582307,0.762209047316786,0.767966363051265,0.76332149898258,0.758676634913895,0.728012263423042,0.758186976534952,0.761380901842578,0.72702537938527,0.749560318480356,0.753715165288259,0.750168325835506,0.752386810309088,0.78429718877808,0.773947118617707,0.787875240696922,0.78976597376906,0.762053343868191,0.735075724477841,0.733788210251765,0.724839358337321,0.747600290452299,0.762698408336494,0.762326688783085,0.768108685334209
"BLR","Belarus",0.58605177310391,0.58605177310391,0.587405333123555,0.5887588931432,0.591341633068833,0.593924372994466,0.607970914544533,0.622017456094601,0.689147554739119,0.597754549657844,0.63189627851429,0.595467039389722,0.628589474615037,0.6596227868885,0.654108177813769,0.553584735580374,0.554826976862662,0.58172970274043,0.570951003018852,0.600853712216305,0.589004919459943,0.59327135160314,0.560084163840592,0.630731066091515,0.629260040201328,0.417230917781032,0.440173300552998,0.433356052946186
"BEL","Belgium",0.791585976357931,0.791585976357931,0.768846269540193,0.746106562722455,0.755196721796933,0.764286880871409,0.775554068440366,0.786821256009322,0.717568207236337,0.691918399375521,0.706478553385457,0.717247889815811,0.700208221191304,0.676682501627068,0.711132040872007,0.709381035879817,0.73413425437315,0.7288123956064,0.731647962018735,0.690564994444099,0.669202809417256,0.643830842748069,0.641766523658065,0.637641961350354,0.648769836116917,0.659557265318758,0.683906905805289,0.668957959720251
"BLZ","Belize",0.666116599929684,0.666116599929684,0.669340250907212,0.672563901884741,0.637090589394308,0.601617276903874,0.621725122485346,0.641832968066817,0.653546379058625,0.639006409588601,0.587973781446457,0.584028331936907,0.603458143344707,0.602623868681403,0.574816688156169,0.582041500562481,0.596058679169645,0.600935506513931,0.600235627971849,0.578283579630179,0.576335590806046,0.57890400045174,0.575156156088313,0.569543564541594,0.5805804009594,0.65914252095993,0.616783615661915,0.64327065383431
"BEN","Benin",0.750620947608829,0.750620947608829,0.724120405225582,0.697619862842334,0.702554836734604,0.707489810626873,0.709370377089246,0.711250943551619,0.686783159164218,0.615681176799384,0.647295549528893,0.664179622369355,0.636366736263767,0.634681488677955,0.639368490601233,0.614870339683505,0.62469258694497,0.632607884802129,0.621739353431919,0.574594693784892,0.566399857096841,0.568414826729901,0.574441952713606,0.544624628875165,0.497628749782005,0.49370229537542,0.501742273909774,0.509808127824605
"BTN","Bhutan",0.69447609896181,0.69447609896181,0.678617336150139,0.662758573338467,0.658656061756223,0.654553550173978,0.671906086857444,0.68925862354091,0.728012263423042,0.771553274224606,0.79089577480825,0.787460619383295,0.667729271354208,0.693902359695248,0.708151106807992,0.697609988464923,0.712107563736184,0.703474107434211,0.704904600184305,0.753660164083237,0.735207239290597,0.760205840676808,0.75963897143399,0.755279705531505,0.753197821739003,0.74426266885698,0.707055461065955,0.718700151312786
"BOL","Bolivia, Plurinational State of",0.546741701031824,0.546741701031824,0.537596256210296,0.528450811388768,0.528797554048015,0.529144296707261,0.524890485669254,0.520636674631246,0.42630083591988,0.452847479238583,0.402879909852164,0.43186121780953,0.423344418612244,0.450095870668665,0.482859834207255,0.498463488428255,0.498167718525407,0.49112454967507,0.513398033097847,0.512620689911163,0.523392051460456,0.52628605921657,0.521738411110752,0.520606502922488,0.444630008001219,0.491914033321625,0.52196173815128,0.521196566185768
"BIH","Bosnia and Herzegovina",0.467666633143685,0.467666633143685,0.468355814443571,0.469044995743456,0.47403576038079,0.479026525018125,0.510383751220813,0.541740977423502,0.500136252053009,0.572905299511707,0.483803611409473,0.494002838406706,0.461303463345081,0.477089393651294,0.455368839475394,0.450583683369588,0.42889681281757,0.477348311516326,0.500263450029949,0.566626485529843,0.500397030976711,0.500655697624456,0.509462555376493,0.500957050703318,0.496842378153669,0.49294445998004,0.497369396131885,0.494341002508317
"BWA","Botswana",0.744578136245819,0.744578136245819,0.739438415138432,0.734298694031045,0.744522519814789,0.754746345598534,0.737449789354819,0.720153233111103,0.7600078814553,0.727623502109241,0.752891869845739,0.74489891508585,0.751613102082729,0.747650656954737,0.73401827401707,0.740443335551975,0.75304223108184,0.759853726325488,0.759562232243387,0.743993569001535,0.747351780160552,0.738376955454848,0.743554420677763,0.734777360371997,0.758334015550617,0.744207442069089,0.74905339275815,0.755290574524294
"BRA","Brazil",0.532000168141268,0.532000168141268,0.521760475935148,0.511520783729027,0.556558786803435,0.601596789877842,0.613957004633144,0.626317219388446,0.570650771365625,0.52244690025349,0.524616720349921,0.519192390564828,0.508348160621893,0.516007503952622,0.598080950125514,0.57224410602847,0.547118944802087,0.577832615121911,0.525447013988271,0.557833861928683,0.51283532175746,0.504376517865097,0.487335449601424,0.490854111703059,0.447028958770178,0.493268186778022,0.497725596609268,0.512903883569052
"BRN","Brunei Darussalam",0.782734104569718,0.782734104569718,0.771947388004669,0.761160671439617,0.777536572725211,0.793912474010803,0.781312060923453,0.768711647836103,0.76680104296394,0.80550923815169,0.778539309086429,0.763176254376103,0.760381077551125,0.763565712946045,0.80855278171568,0.789701826204066,0.756611362223581,0.72635710038897,0.754689539730557,0.786942476040229,0.782161001036698,0.766386790785916,0.768349197687865,0.782522446315789,0.761044557784569,0.774296813080066,0.771484697032363,0.786230433967301
"BGR","Bulgaria",0.554266320120794,0.554266320120794,0.611556784960546,0.668847249800298,0.651897111940454,0.63494697408061,0.642649408866243,0.650351843651877,0.599777382007445,0.570550443544754,0.59526075923647,0.637777992947377,0.631449757732202,0.633552861695061,0.630769122946929,0.631872192416117,0.621835851631112,0.635268562968218,0.599293099165737,0.583437213817369,0.571719197282124,0.581671926609772,0.625212534950989,0.646352961763622,0.666468601489569,0.639009670286438,0.632656051871591,0.612288507857092
"BFA","Burkina Faso",0.518188582684981,0.518188582684981,0.534405385243451,0.550622187801922,0.565419454400966,0.58021672100001,0.548671506723149,0.517126292446288,0.581472492127568,0.555950587190158,0.559147689883765,0.596727993796389,0.622740449190453,0.5903500021779,0.575781788707272,0.549688772031038,0.47438376297163,0.471330621881932,0.438600106130588,0.434516389702856,0.465137879941024,0.420481843778203,0.410302006653956,0.387530287576324,0.345916872138481,0.305354324243138,0.287303531676183,0.263279981480878
"BDI","Burundi",0.205782271352075,0.205782271352075,0.190232208443166,0.174682145534256,0.199064044371084,0.223445943207912,0.200161587059974,0.176877230912038,0.183748280033159,0.135936360037479,0.3078596475887,0.324306463925362,0.332881853146044,0.288399597822658,0.351200002428091,0.290212607342584,0.259033773610939,0.276660326831023,0.337638062868223,0.434984556186622,0.236627652587945,0.231995062278098,0.225423730760037,0.299801683947409,0.290378779887065,0.30460196435922,0.353451032357442,0.365405037733041
"KHM","Cambodia",0.379909954701319,0.379909954701319,0.366115234127949,0.352320513554578,0.394373036301124,0.43642555904767,0.441058774837289,0.445691990626909,0.45776104326581,0.499781051317888,0.502160704497762,0.510407168260704,0.507374780794974,0.518542153071184,0.473524927973441,0.483741668404338,0.517556637911277,0.552107498470958,0.546454785256593,0.573912602964737,0.58082360941286,0.605396784578696,0.586012169211433,0.588988673648197,0.556932211045571,0.533956404839056,0.54729136445398,0.563703116112548
"CMR","Cameroon",0.405398070913739,0.405398070913739,0.420143746326075,0.434889421738412,0.453893912026947,0.472898402315481,0.463157308491218,0.453416214666955,0.496044158297816,0.508105900001001,0.538612225057548,0.527829292132441,0.513825435731769,0.474946397408767,0.488249239662685,0.44314490368924,0.456095893062892,0.468683396657863,0.478365249344538,0.387703022531545,0.399631280698752,0.387365735126993,0.382154668310332,0.328781720437694,0.301255975690206,0.309534251764591,0.330110362522334,0.337178489041019
"CAN","Canada",0.782219344969691,0.782219344969691,0.757862485831346,0.733505626692999,0.752140361024465,0.77077509535593,0.775119267713711,0.779463440071491,0.751086284052965,0.720700815018602,0.712491136643993,0.747969077428407,0.743161557857248,0.749072833899969,0.76381633551375,0.73100035461627,0.755232025515966,0.7613976564975,0.75252187292515,0.772147377471999,0.787085228981378,0.783313442392943,0.757383060711651,0.735723629239543,0.741064037070402,0.744209902973117,0.735452099241369,0.702872785535003
"CPV","Cape Verde",0.7480714100209,0.7480714100209,0.754815989182522,0.761560568344145,0.770990937146707,0.780421305949268,0.737931849692575,0.695442393435883,0.728012263423042,0.748716494996736,0.699746073668639,0.735474298646454,0.720840604621151,0.709852422046353,0.71072340775818,0.714598111403813,0.694235381532818,0.709112705056879,0.70376490426017,0.630270266939182,0.717152242679262,0.719796402027063,0.701161134499725,0.713240061516038,0.717788960581403,0.720307449763515,0.723760467250207,0.729815101206319
"CAF","Central African Republic",0.361472410558854,0.361472410558854,0.367491751049699,0.373511091540544,0.37534379854646,0.377176505552374,0.324452539086949,0.271728572621524,0.305193975838189,0.324913486918901,0.324268360927997,0.251404068793096,0.250421347784638,0.252735130766698,0.242383112390635,0.222318356982347,0.262097845216027,0.251168150126959,0.199219696550846,0.105584554119463,0.244172640784627,0.263790680589259,0.226979186165914,0.196262428180567,0.202508694784082,0.185231589935952,0.204063534963951,0.197916360762624
"TCD","Chad",0.398136763428866,0.398136763428866,0.371658635779806,0.345180508130745,0.359947501124224,0.374714494117702,0.338169823213576,0.301625152309451,0.333827147905747,0.305093611968919,0.321818284877859,0.254809652354651,0.248560596726572,0.231853744864298,0.272963146649701,0.30761025547301,0.343176101800053,0.390306700008088,0.38250430125009,0.300031491368543,0.402492522543111,0.345961435008918,0.348628255181311,0.315671971992944,0.337615791686772,0.353994912655133,0.330836821391359,0.314684862372302
"CHL","Chile",0.686296094988271,0.686296094988271,0.630973656114666,0.575651217241061,0.614545650313166,0.653440083385272,0.705335601890368,0.757231120395464,0.700945692605853,0.688857127048764,0.714840818063561,0.675381042278167,0.6398336937464,0.644227689156978,0.673588242932571,0.686837986055205,0.647778450675526,0.62688523192626,0.632500353549879,0.646912033016801,0.643016391179398,0.639151654195079,0.639818174670374,0.640910246974688,0.567144412902946,0.577496951016813,0.597683206512011,0.590324930436395
"CHN","China",0.553092949544823,0.553092949544823,0.527610505588016,0.502128061631209,0.517970991345247,0.533813921059285,0.523689088985223,0.513564256911162,0.472667518248834,0.502717186674828,0.483608830855668,0.477024651367828,0.483815762123111,0.48510001565135,0.492206060599598,0.456891923739537,0.466354561146164,0.477239354990492,0.476377854012939,0.480025898143839,0.474869196798659,0.483528882236063,0.529918894447889,0.518550653443847,0.525230674889805,0.488538826544164,0.481033156416208,0.494048103660168
"COL","Colombia",0.286445311904,0.286445311904,0.2738817098394,0.2613181077748,0.277227493433078,0.293136879091356,0.263224908499487,0.233312937907619,0.161178754982715,0.179207542966154,0.215898637659937,0.242244317403463,0.259149579652983,0.251075353537574,0.254708017018301,0.305484465051143,0.348926988422758,0.328772881690726,0.347668379565243,0.378182605149098,0.385395863482826,0.417307328851097,0.435836008472729,0.431104858956567,0.401428427641465,0.449307150927736,0.405713640840245,0.459495549947246
"COM","Comoros",0.657237596674564,0.657237596674564,0.662178076839595,0.667118557004627,0.620479784725704,0.573841012446781,0.606465633543182,0.639090254639583,0.454125713805721,0.541857183362451,0.494875510863169,0.507948181687232,0.381474617989767,0.379452595687742,0.438277102223164,0.473083595597344,0.474838845648982,0.492115453189422,0.525726408625567,0.537771757119108,0.527869481771346,0.573710832866719,0.57378058699913,0.507706977204318,0.539505240987308,0.520483826856699,0.530697304026318,0.530270455095802
"COG","Congo",0.359198986402848,0.359198986402848,0.335446935444416,0.311694884485984,0.361420224012812,0.41114556353964,0.354015722674819,0.296885881809999,0.368613236284028,0.365107719511408,0.369366888142561,0.411071633881136,0.437191648725309,0.445837009650517,0.526834548582429,0.515492939174163,0.508975675768348,0.485684670052652,0.48820313872723,0.50811704071861,0.478900260133962,0.479875362593701,0.478128254032889,0.5099902244689,0.518437082722961,0.533272245321452,0.530448601476444,0.567017513887394
"COD","Congo, the Democratic Republic o",,,,,,,,,,,,,,,,,,,,,,,,,,,,
"CRI","Costa Rica",0.699473026112981,0.699473026112981,0.712433530982207,0.725394035851434,0.72236746227147,0.719340888691506,0.73655694261221,0.753772996532915,0.672413653440073,0.678575746872068,0.691762101208452,0.69654830319847,0.67018003440672,0.631816140199999,0.670917649374003,0.688890759403812,0.657364405008366,0.679750008244028,0.686547855724087,0.669258907775325,0.685181254194816,0.681496204219597,0.672628613406907,0.647896743256016,0.643940373484842,0.69838940803938,0.717921244426668,0.734119007021944
"CIV","Cote d'Ivoire",0.575674550969096,0.575674550969096,0.555269119927195,0.534863688885294,0.445667217526362,0.35647074616743,0.298072714300035,0.239674682432639,0.259711178459674,0.206096692856701,0.181219865204802,0.249629264808204,0.253464768303425,0.259572752608107,0.342698317283043,0.297449059696774,0.328085243582741,0.352573063830437,0.38951418637345,0.39150345814437,0.426267654730571,0.413509805308039,0.382221563884822,0.415441830299011,0.391621561030175,0.392183898108074,0.446921458279228,0.481093407549824
"HRV","Croatia",0.563326955396402,0.563326955396402,0.572465602290983,0.581604249185564,0.599868545684468,0.618132842183373,0.648116135413541,0.678099428643709,0.666003705957406,0.68806797664963,0.644668278134983,0.666405120419417,0.674072087425748,0.668610992759856,0.675367466290947,0.674599643726721,0.677228853082553,0.674329180120292,0.680483788302536,0.67643154068506,0.670823591571305,0.682466128527111,0.687233648154051,0.706431180982921,0.687837748824057,0.674386355123873,0.676839322736243,0.675235746402856
"CUB","Cuba",0.609711223576248,0.609711223576248,0.590495936910947,0.571280650245645,0.591972131981313,0.612663613716981,0.613972034091806,0.615280454466631,0.624399518909669,0.631068994356491,0.643001610374581,0.651550011681091,0.647501178567954,0.660108374522031,0.631285364216257,0.63001450723432,0.618159891620146,0.62278166933292,0.633673958680765,0.663651399573542,0.679121677923115,0.685724457743899,0.679768495785538,0.680100328186161,0.674934665048814,0.672470633622085,0.637482228171412,0.655858377885266
"CYP","Cyprus",0.636630611825038,0.636630611825038,0.622388380981084,0.60814615013713,0.633548662777563,0.658951175417997,0.631591641666616,0.604232107915235,0.661493094457207,0.635327670806837,0.658954507892201,0.662764233417731,0.66231536452305,0.679853479004633,0.63706687371346,0.647759778566215,0.674517213695554,0.679186368937748,0.666838270289621,0.664865937741425,0.663243186864154,0.672074797209204,0.66126896762287,0.653255997510221,0.663598285061607,0.619596418711992,0.642531690496694,0.641943498545852
"CZE","Czech Republic",0.767374269542162,0.767374269542162,0.746026332124265,0.724678394706366,0.675922664183724,0.627166933661082,0.688354530979582,0.749542128298082,0.722526159819967,0.682411886100831,0.731011685028565,0.751198460261567,0.744607174913348,0.750536272002738,0.725755368339092,0.740103392421827,0.760726978119774,0.751263366605303,0.756539934484173,0.7402335742449,0.736837813791923,0.735656508082183,0.740346919382917,0.746464398675639,0.731957769328309,0.726860744905806,0.732906427323516,0.710205951417489
"DNK","Denmark",0.817986554768814,0.817986554768814,0.817126540587444,0.816266526406074,0.822210378665866,0.828154230925656,0.83014763496459,0.832141039003524,0.777017855171205,0.756464036102447,0.754598896432198,0.750005270436126,0.762287560409042,0.753203973999072,0.742158965048764,0.749002021386569,0.759208887440054,0.727317621992345,0.734942456270966,0.733660191973483,0.722526354641536,0.716652084443133,0.717000240840474,0.730221181132216,0.73636195698307,0.728220701994202,0.729659602833058,0.718733024889091
"DJI","Djibouti",0.511574764684255,0.511574764684255,0.457793586158137,0.404012407632018,0.466228719229881,0.528445030827745,0.52225394230673,0.516062853785715,0.412896619800664,0.510727716390983,0.430198251658936,0.524754551483015,0.548655405104998,0.616096756840206,0.654949617296612,0.613532146215105,0.600496078775014,0.597557118505326,0.552346565043498,0.437423055734062,0.492913001423551,0.461795921002356,0.443665538697634,0.546957760715145,0.510848705712136,0.492819702399595,0.472498597694855,0.482462623789625
"DMA","Dominica",0.693284344663718,0.693284344663718,0.69426793211547,0.695251519567222,0.674423004649796,0.65359448973237,0.658849537518205,0.664104585304039,0.685613450464709,0.732519809046972,0.712629511226726,0.726420950594727,0.705375822290573,0.726800729608826,0.684420722058773,0.725288893726844,0.765894917593348,0.73861563238425,0.762574337758421,0.751791845745285,0.75131943420207,0.738112900452659,0.771677960028685,0.753799963939554,0.747086043540612,0.796488609869767,0.7994063807304,0.793260313935887
"DOM","Dominican Republic",0.556910034711461,0.556910034711461,0.527608507385214,0.498306980058967,0.535230081366536,0.572153182674106,0.58123734802136,0.590321513368615,0.497691548976666,0.510694232715553,0.52541133600675,0.551036465614362,0.55640905617399,0.563387396224702,0.569455330838375,0.562192422243841,0.569842957153318,0.613340426410685,0.605609737370681,0.595030910800268,0.60907479790646,0.611429624153511,0.596086948804665,0.572024602040801,0.569382247396007,0.598300713982086,0.619350082218804,0.626371026029638
"ECU","Ecuador",0.43745729306135,0.43745729306135,0.489723767214229,0.541990241367108,0.506733053927759,0.47147586648841,0.455353592124188,0.439231317759967,0.40459561112532,0.424920268760251,0.433340867117581,0.423042568225693,0.429551843947185,0.444570864274416,0.454033634980012,0.469000443126785,0.451817590902924,0.47181621976923,0.539191596205516,0.566737587976806,0.544578143423456,0.554148934998665,0.556347102915088,0.553615581474298,0.528939885303005,0.523432574346782,0.525640610232012,0.528759970147594
"EGY","Egypt",0.479432748496757,0.479432748496757,0.522892795235374,0.566352841973991,0.572422671371614,0.578492500769238,0.538584231312941,0.498675961856644,0.459667823482964,0.428448364327326,0.461657495150789,0.425798083480755,0.474899742769905,0.482116456623039,0.465464780279825,0.415371253622246,0.322709419241415,0.322834535703698,0.287998326913382,0.28931509513609,0.31199624269173,0.322250132519682,0.32398447514085,0.365537290817005,0.376460936183673,0.366601980437125,0.39224656913065,0.393069618482768
"SLV","El Salvador",0.53287575779438,0.53287575779438,0.55920054805153,0.58552533830868,0.606042134870748,0.626558931432815,0.623530245576894,0.620501559720973,0.538830822548148,0.558038432266324,0.564117977748834,0.540997681869421,0.56867506821203,0.576702633360081,0.568701638926066,0.580048457968826,0.58902134727605,0.610281250979235,0.564135520021218,0.565695639609259,0.566399921503314,0.551936921933644,0.524540878363912,0.502968547513741,0.549236186145898,0.550139146947716,0.554177172590664,0.543583894617691
"GNQ","Equatorial Guinea",0.547329364913677,0.547329364913677,0.551694999046195,0.556060633178712,0.559979372587084,0.563898111995455,0.522666264533587,0.481434417071718,0.589645737587077,0.559693865102634,0.503505403981185,0.598962804830131,0.614078077266152,0.605629637368565,0.63414493469663,0.610546908132484,0.595789443451789,0.609957744637239,0.590630510630613,0.505561545692179,0.534178224575867,0.544681706467961,0.540333253162549,0.554401485274524,0.544476454254829,0.531807020499823,0.535041578921766,0.557152037706464
"ERI","Eritrea",0.408738245696986,0.408738245696986,0.405832646057525,0.402927046418064,0.420290057324298,0.437653068230533,0.4808101011005,0.523967133970467,0.446133394779373,0.459932350158425,0.433159262654092,0.415061835955809,0.389320861854527,0.44764652263597,0.452793482902705,0.419297913104166,0.438081562890617,0.449127094783031,0.437054935252795,0.431291856901384,0.418805804074962,0.455993632246768,0.443751660084842,0.465091276570996,0.448478308197386,0.399147108085038,0.38832152974388,0.403006677170899
"EST","Estonia",0.70203164853828,0.70203164853828,0.692494850763397,0.682958052988514,0.704034234825368,0.725110416662223,0.727327373324555,0.729544329986887,0.723855622205951,0.691022035590907,0.67405104669631,0.696656357392826,0.679011501199034,0.668322267194788,0.66757315775494,0.683700589763853,0.675043078125008,0.679416740316055,0.698641096998829,0.7041533477072,0.675527507082892,0.683946464837537,0.680432478453555,0.669747386971088,0.678322940252039,0.692024413070288,0.698684224341917,0.694427280778158
"ETH","Ethiopia",0.388478781511261,0.388478781511261,0.42481799769036,0.461157213869458,0.43416874086697,0.407180267864482,0.383112159925621,0.359044051986762,0.32743207863868,0.344138356290014,0.279129782500381,0.270571496562692,0.25916986160368,0.271949725863493,0.287612744267284,0.288639946116045,0.310683391407934,0.300824784289456,0.327827238302953,0.339511487582032,0.312407418739719,0.291711708046221,0.281392604261531,0.350660346682315,0.345647013504293,0.268244978402286,0.194262410462058,0.219317776701178
"FJI","Fiji",0.712808275396817,0.712808275396817,0.715019377158315,0.717230478919814,0.669503306306591,0.621776133693369,0.636616951244241,0.651457768795114,0.647795666749955,0.637010539518755,0.636487787107521,0.564066855031097,0.580570493898106,0.558408691939686,0.522981423988991,0.537097856495171,0.557662165167347,0.558266568323473,0.561147573662445,0.665086568041289,0.66792438002855,0.72424152271882,0.67074300721816,0.713262219906056,0.704070066613391,0.683794883403188,0.69449404305368,0.701414915227598
"FIN","Finland",0.812955380036588,0.812955380036588,0.818173819311567,0.823392258586545,0.8446142028451,0.865836147103656,0.86868082911466,0.871525511125665,0.860142886650269,0.848549711327755,0.844304016146155,0.828161470085004,0.826025897569627,0.81865809446295,0.821032641266965,0.814828456122327,0.809644192652037,0.810899007615842,0.808216601717941,0.790501804580924,0.746772032186655,0.738960794681691,0.752932146641662,0.723324753938308,0.713597128436714,0.738815765404316,0.735613626829497,0.723288865754568
"FRA","France",0.722602078709226,0.722602078709226,0.706378763727128,0.690155448745029,0.697569952632519,0.704984456520009,0.716948618251606,0.728912779983204,0.600813958362488,0.629295918131301,0.638690219309205,0.672370505589451,0.666778685650846,0.663468554404272,0.658007254663044,0.687093110026527,0.673658501742566,0.665392253336617,0.647123147821091,0.621632545070227,0.586743435815357,0.551630565016592,0.615634255562586,0.572298740821546,0.616593177578342,0.618257261389515,0.625925602400595,0.627473921184791
"GAB","Gabon",0.591547057673419,0.591547057673419,0.608693074521834,0.62583909137025,0.6529500789417,0.68006106651315,0.660280930036334,0.640500793559519,0.621369351384447,0.640143352376356,0.625943136341794,0.60777344622211,0.622024100535476,0.614976066272802,0.594085482741598,0.621410756094716,0.636138502795833,0.620380672937488,0.626713312145497,0.595651648206879,0.572548836121336,0.550984354689851,0.551709388285293,0.525642999359673,0.556999302723351,0.55860596544054,0.556890675599776,0.581949885719719
"GMB","Gambia",0.66619520530584,0.66619520530584,0.676176350064254,0.686157494822668,0.673957988635873,0.661758482449079,0.686904158739138,0.712049835029197,0.625393390889504,0.59829458222955,0.604441994830953,0.564055490012339,0.57808217193873,0.581133801238688,0.59096797106748,0.581179511249285,0.569879297524168,0.569791866373461,0.561558945172863,0.54388043611649,0.572720924288175,0.493881136448761,0.553612028544108,0.554858313655671,0.60681401920834,0.612587869141756,0.575992674083531,0.577809722946708
"GEO","Georgia",0.29973975119604,0.29973975119604,0.293862845779573,0.287985940363108,0.359049358311072,0.430112776259035,0.397486074769483,0.36485937327993,0.346423080097012,0.421271896508814,0.439887784416932,0.403728203978101,0.458812064614809,0.411714452774513,0.403826927244685,0.446353348330629,0.456910626610149,0.452867586875244,0.493997778172798,0.51461701627363,0.488701400016504,0.514856559646325,0.505377736668832,0.492922475904058,0.484223098135439,0.496017888147318,0.496013889178273,0.494069457129493
"DEU","Germany",0.791585976357931,0.791585976357931,0.787599045234862,0.783612114111792,0.798164782871977,0.812717451632163,0.78559540793668,0.758473364241195,0.66933477539575,0.679832909948467,0.72284565693915,0.746268223609552,0.741237079638628,0.732292739381568,0.717854584688813,0.707005012533384,0.714812404875806,0.703355717442937,0.729566601168339,0.729085361131924,0.688198814713778,0.684762726196044,0.668736283536175,0.669308689813055,0.664276315390116,0.680882926428321,0.694762045756081,0.675682656828082
"GHA","Ghana",0.529584234571075,0.529584234571075,0.538015960828806,0.546447687086537,0.527274609491444,0.508101531896351,0.525256966829557,0.542412401762762,0.574946806854491,0.576943106621251,0.599122602095115,0.571026183396581,0.55735714508514,0.564848228909417,0.574714435991661,0.574414661031593,0.598674094645713,0.592409263597438,0.580351893844065,0.551551712268312,0.563349343855311,0.546029602563179,0.584038531871414,0.563605734166831,0.590306362146473,0.599147182937535,0.581242873119398,0.558586863954745
"GRC","Greece",0.665206865233185,0.665206865233185,0.683917923477697,0.70262898172221,0.70580805444865,0.708987127175091,0.714512328390909,0.720037529606726,0.652093471574344,0.65410619883678,0.657063026295088,0.678378987341274,0.659984724348398,0.616004708775797,0.534122297968393,0.548042493885884,0.55294734990167,0.532552630841755,0.54044999229737,0.545764978476933,0.529402589092519,0.547612976412563,0.555949375963957,0.596395071933045,0.597858202422809,0.589734078914794,0.587354723094157,0.580987883728765
"GRD","Grenada",0.727275099621497,0.727275099621497,0.73069676621625,0.734118432811004,0.739693416064552,0.7452683993181,0.737024217018267,0.728780034718434,0.722261551114371,0.721213472596439,0.641339187673627,0.637205376468278,0.6361473415428,0.636625633621265,0.637397352616868,0.659102592792078,0.631876381079848,0.654676092940798,0.643240476998668,0.703174666682854,0.704065585717307,0.741713336344386,0.740643560855942,0.736556634999207,0.731284148119517,0.747554230531911,0.748864846494549,0.749490141700494
"GTM","Guatemala",0.395588558830618,0.395588558830618,0.425151368156,0.454714177481383,0.446231902716855,0.437749627952326,0.43207615726883,0.426402686585333,0.43663785303514,0.430919891257573,0.426174735095986,0.443442970435847,0.440314412891462,0.447101565692767,0.410682708507066,0.423197543656847,0.441911457575409,0.460889980199566,0.453950979365976,0.457149477853586,0.457343120239279,0.476169046306175,0.457871671155629,0.477340816012807,0.470604624432413,0.498388579535024,0.50188001788585,0.517461734172819
"GIN","Guinea",0.371931252677258,0.371931252677258,0.420441741296315,0.468952229915373,0.355358007396165,0.241763784876957,0.283603480440161,0.325443176003364,0.434212447547881,0.392153218837859,0.371407613315196,0.241533526290083,0.156478674379906,0.209121348982276,0.20583280191478,0.279698210315748,0.331139389541584,0.348521533976635,0.358354875813759,0.40559576353731,0.503440615555768,0.50178990265648,0.449664371654914,0.418435232943433,0.424974234334828,0.454788599320692,0.408236159752702,0.421224893241882
"GNB","Guinea-Bissau",0.304997308591296,0.304997308591296,0.277408000743522,0.249818692895748,0.379814399848671,0.509810106801594,0.477407680825997,0.445005254850401,0.484911459133982,0.504888068036121,0.473154705469983,0.484930577282148,0.49069695221958,0.447878380810461,0.455376314471379,0.451061211542427,0.440279826936104,0.403866332470431,0.415111607739773,0.448395211671379,0.481058924132133,0.493325243863285,0.48430952713565,0.452111258783582,0.47331792492963,0.445776163798428,0.521753309833887,0.502003309177646
"GUY","Guyana",0.524094819001329,0.524094819001329,0.557621908238098,0.591148997474866,0.538663703452821,0.486178409430775,0.479753053100075,0.473327696769374,0.494865985113827,0.474467249140775,0.491658212094162,0.443635700236296,0.473643123143145,0.460870754386848,0.461550425318043,0.490970127947322,0.495216376832328,0.483977412756441,0.491375946402166,0.546513026651919,0.545903396638175,0.56403917947369,0.561420578280455,0.536910309973831,0.526212355140935,0.546257905244039,0.546329632906126,0.574581344341832
"HTI","Haiti",0.439751204243386,0.439751204243386,0.423774600016964,0.407797995790542,0.434790893293397,0.461783790796252,0.407832412558747,0.353881034321243,0.343634055532105,0.228525577241953,0.25951588521753,0.330539093019055,0.342893487479987,0.33199106741056,0.405219470803917,0.408163706636615,0.399587661174859,0.434350535025145,0.461372491703062,0.4592028664282,0.454396741369323,0.441669571217004,0.453620500462568,0.459796559524921,0.417228067233867,0.393169039005493,0.375859286163928,0.328001285740324
"HND","Honduras",0.489004414205585,0.489004414205585,0.532016199745417,0.57502798528525,0.565716462926799,0.556404940568347,0.541451687901261,0.526498435234174,0.504578993870872,0.502651598455602,0.462705922296791,0.455026599501486,0.494743693564293,0.479246345270413,0.51690766675783,0.484442662043558,0.502759386052023,0.509695582480398,0.494471645750896,0.478047567142075,0.488597467836395,0.49467041501998,0.47261946909769,0.47842904828146,0.472029590402212,0.492767172352367,0.461921488630377,0.474959399185047
"HUN","Hungary",0.743106208024154,0.743106208024154,0.76140282439596,0.779699440767763,0.75381235561671,0.727925270465657,0.757362066124163,0.786798861782668,0.764640020599407,0.712417606882394,0.742488869741233,0.739491375843864,0.698448644050084,0.698993488201852,0.662274175141883,0.687900994057573,0.697787593959367,0.686182596043752,0.706972610630351,0.685169349571581,0.696848041309063,0.680606454114558,0.70689573814078,0.696783565623533,0.700981755103628,0.713910739893764,0.707285299248391,0.679328332338855
"ISL","Iceland",0.797899897314677,0.797899897314677,0.802364356610586,0.806828815906497,0.823879127940924,0.840929439975352,0.844796832685269,0.848664225395184,0.830934785879201,0.820573867233571,0.818456607945669,0.820027136388716,0.825492106978452,0.778945993984566,0.774793772140959,0.745783794651668,0.78393242127855,0.784108293886409,0.791351021545871,0.784442464145859,0.793303092650904,0.801579051373996,0.800047343691988,0.809834482055991,0.848553341161196,0.80645590691614,0.805981280559301,0.787188176799877
"IND","India",0.402612532629537,0.402612532629537,0.382980752777417,0.363348972925298,0.380518710581444,0.397688448237591,0.379672005789358,0.361655563341126,0.31016157721636,0.349653406276716,0.39550833335931,0.386682567661327,0.371352735155376,0.379023270472547,0.336731404301759,0.350074610508617,0.341677698352556,0.348126312789761,0.358471440634545,0.398255389256776,0.405676481189424,0.404704003693981,0.436757852867798,0.398290969827512,0.432845630689508,0.425225482382306,0.450881678339828,0.47210838034617
"IDN","Indonesia",0.375295082900474,0.375295082900474,0.323661112351588,0.272027141802704,0.249359652264417,0.22669216272613,0.262126525001717,0.297560887277306,0.209455785839663,0.241589081198513,0.30875455533843,0.326045092621044,0.363823004563665,0.388126359546938,0.440705142928486,0.423026941485116,0.437443368446059,0.467867053269221,0.48059693041597,0.498219751264946,0.463274975591934,0.504606233002331,0.483061382247137,0.474952160025698,0.483540007573022,0.490392635802118,0.478497728011371,0.494331912544065
"IRN","Iran, Islamic Republic of",0.514080944219345,0.514080944219345,0.48236148063408,0.450642017048815,0.44770398474502,0.444765952441225,0.440818539335336,0.436871126229447,0.435788615562659,0.438869472583971,0.435271548865105,0.390870493120871,0.40965606036171,0.408239522988207,0.300829829142714,0.289415684588227,0.325339633466392,0.342171294177944,0.354942688826397,0.419402019598312,0.410824753938308,0.429890156728415,0.409279613821815,0.339037230360797,0.275503045696855,0.277619587221084,0.297364712211219,0.297011264870218
"IRQ","Iraq",0.257283168515654,0.257283168515654,0.281674962237428,0.306066755959202,0.28896332941284,0.271859902866477,0.28315846696179,0.294457031057101,0.158216687849581,0.0228110217657111,0.107398568508533,0.0837008420065164,0.0932229410067172,0.145546477371742,0.195811590562664,0.184705489669864,0.252189896971793,0.237211850696625,0.223907034592599,0.143234170932098,0.182724995123309,0.173684248950958,0.174954649640274,0.13624626988472,0.121075001628297,0.14420569482723,0.159710907760231,0.144337435222854
"IRL","Ireland",0.801039723748758,0.801039723748758,0.815615483991737,0.830191244234717,0.836314650204641,0.842438056174563,0.835566904515776,0.828695752856987,0.801900568485236,0.771342600332287,0.793335063895733,0.775055837912393,0.778975032652096,0.774103447546077,0.751824165618185,0.745424543678668,0.733181812738,0.73181826683123,0.724937599676867,0.751071559643864,0.723949608232282,0.713372724750674,0.740821607262357,0.743876778597878,0.734954463431868,0.736011206382732,0.715038274850496,0.721637004433401
"ISR","Israel",0.371887674168432,0.371887674168432,0.37433666331929,0.376785652470149,0.38372905216969,0.39067245186923,0.354533573785532,0.318394695701833,0.308649884887113,0.342385433843436,0.355314941575677,0.353290827505228,0.35453905955076,0.342313062757482,0.290341415160907,0.339207976085263,0.36326351803293,0.384322294100672,0.380472209749084,0.391060536434423,0.381068712377905,0.432410973515587,0.41597554911382,0.411984280647402,0.429625271171116,0.417196085735271,0.37685997177179,0.348813376686806
"ITA","Italy",0.760945075739243,0.760945075739243,0.768025547793136,0.775106019847028,0.751363099867915,0.727620179888803,0.720890412293298,0.714160644697794,0.644154641322418,0.616246159349114,0.654068229138383,0.661227798749237,0.646817954706569,0.664119699356277,0.629603951539222,0.651454779822096,0.656148390298066,0.657354335809386,0.655166407560816,0.648743888960073,0.63241686225385,0.631156956294837,0.620314997561244,0.626031518684578,0.635476109461667,0.638616494726037,0.664613366958032,0.641061038868995
"JAM","Jamaica",0.588888553305888,0.588888553305888,0.586572937463015,0.584257321620141,0.593124447168164,0.601991572716187,0.568047883829662,0.534104194943138,0.5037761803275,0.510460605766292,0.51853416538686,0.514848202826397,0.525879876753004,0.517061181027217,0.507338415811079,0.496031976822878,0.559090848127605,0.590656819232736,0.601299651097128,0.574139291638619,0.584714503756242,0.620755181515461,0.62124273274533,0.642840918468445,0.636713877538197,0.614419338005332,0.607413633855379,0.635253484804164
"JPN","Japan",0.769805355616218,0.769805355616218,0.77718414050712,0.784562925398022,0.780251677885382,0.77594043037274,0.77408851806164,0.772236605750542,0.746620973694412,0.74682658222594,0.748108918299791,0.765753149013809,0.7437402394394,0.723827926781871,0.73787013227031,0.721200675895494,0.741111183890069,0.733086155347684,0.745248486503008,0.736553323032536,0.751283053837526,0.736483074476307,0.759180238415663,0.748382304229752,0.745343641458751,0.746439789635361,0.744597269774635,0.754670385694207
"JOR","Jordan",0.562188211149995,0.562188211149995,0.57252643116027,0.582864651170545,0.576413287788837,0.569961924407129,0.530654510918226,0.491347097429323,0.557247026038497,0.529540358703012,0.547058052808047,0.438784622663843,0.518189341463723,0.506152044740548,0.508604663724847,0.516167867738221,0.481577908284076,0.479786154822691,0.465621642404067,0.47702544090787,0.465527092420563,0.484556776214083,0.495109455679201,0.504591770064284,0.522714098035198,0.523842263598587,0.515600019260676,0.518952139682225
"KAZ","Kazakhstan",0.506711623555183,0.506711623555183,0.555038628707988,0.603365633860793,0.594394847216619,0.585424060572446,0.608515501711272,0.631606942850098,0.631213121302389,0.582034668990362,0.602720179749352,0.605697319919656,0.681400516067981,0.677726253055418,0.703561284959398,0.65989251222372,0.511681670456732,0.499659472405145,0.50068840201361,0.576122040732145,0.563327983336522,0.570177524500902,0.574118607227577,0.560860090725739,0.541028327814893,0.525605798693785,0.530130655239486,0.508539916314498
"KEN","Kenya",0.457000654682502,0.457000654682502,0.435388118812775,0.413775582943048,0.399956540434868,0.386137497926688,0.375844848860299,0.365552199793908,0.352502907558108,0.382868576568814,0.354801740548201,0.376051298200701,0.345351069287408,0.330182672085687,0.324683700005298,0.36942123310651,0.355784912722398,0.342254698316955,0.369179121165235,0.349341302123383,0.356377190799304,0.336919150771552,0.375800983246002,0.366983810204582,0.379706458445749,0.396652961345268,0.392319986100815,0.407686875719917
"KIR","Kiribati",0.771163610579327,0.771163610579327,0.771163610579327,0.771163610579327,0.771163610579327,0.771163610579327,0.771163610579327,0.771163610579327,0.771163610579327,0.768954477541052,0.808174417721396,0.8021063820921,0.800792361878891,0.800182754936123,0.811216484742968,0.814677889810889,0.793992473899242,0.791904519876803,0.790799204832691,0.70787055349505,0.711245847429528,0.715622298645141,0.717086034107145,0.741712997970082,0.763327271853279,0.770122381577606,0.765852302938598,0.761915533242629
"PRK","Korea, Democratic People's Repub",0.482943115301064,0.482943115301064,0.490372599941824,0.497802084582584,0.532560149336141,0.567318214089699,0.58479271428227,0.60226721447484,0.608558031131584,0.608817646252757,0.574099743821429,0.566356281471886,0.662413031651655,0.660141381397304,0.56525475647632,0.518908371478713,0.526604274614905,0.567710730685369,0.493965448046133,0.374716339795723,0.37179235515242,0.452251684119672,0.483906959124876,0.511306413353784,0.5205693022566,0.504779285824323,0.487817392020863,0.499011039574454
"KOR","Korea, Republic of",0.66742734919129,0.66742734919129,0.662877276069628,0.658327202947966,0.6483643022041,0.638401401460235,0.624959741148169,0.611518080836104,0.612682634454363,0.643699491995582,0.653382354678285,0.642841559328869,0.66733845928705,0.642344948896047,0.640394010832243,0.625989596159087,0.640887334932812,0.615875542075635,0.617849638271717,0.588602903870854,0.596824586842924,0.596345564183576,0.635622743453544,0.679694709679769,0.663857664346144,0.674616131783708,0.678222986533441,0.666677224628531
"KWT","Kuwait",0.599314703852348,0.599314703852348,0.623766776905597,0.648218849958845,0.673775515165649,0.699332180372453,0.622006828065331,0.544681475758209,0.62055192622341,0.629317374138294,0.613568101048329,0.640928185939674,0.676695011222543,0.656244826974658,0.630722411912351,0.647681332123444,0.623444744542576,0.60495215818002,0.598492336375722,0.595559395067134,0.532156858514917,0.560206051648059,0.561112832618865,0.585500337061822,0.600050580806162,0.608665216319206,0.615166642782226,0.61830358790784
"KGZ","Kyrgyzstan",0.539934263716382,0.539934263716382,0.540610525270121,0.54128678682386,0.539905621100595,0.53852445537733,0.501349204732203,0.464173954087078,0.380780663561444,0.36633443915423,0.367889751007371,0.331566581973287,0.399571675552444,0.47233300961508,0.462756637427299,0.391074809677784,0.381032003892822,0.413163586872619,0.413073712606768,0.431508088335298,0.418121775292884,0.457759125811422,0.507490474045583,0.478826145907656,0.524132891237393,0.491447984240699,0.489561142473054,0.475898039250107
"LAO","Lao People's Democratic Republic",0.633891769194764,0.633891769194764,0.585409290021395,0.536926810848026,0.50371720706957,0.470507603291115,0.511325402048145,0.552143200805175,0.35792448420682,0.464788554614269,0.485382265962695,0.555251967297949,0.539566607218061,0.572897856879174,0.542736866831952,0.521402651517451,0.559946886410904,0.575729963606511,0.581528200842499,0.655715835146336,0.66262773527432,0.660225339239722,0.637707575203997,0.64008458291204,0.661147716830664,0.689294716799985,0.692482879490678,0.708018792201428
"LVA","Latvia",0.666503833432234,0.666503833432234,0.621119588210572,0.575735342988909,0.608908154329567,0.642080965670225,0.687232128033126,0.732383290396027,0.742238185650928,0.676026045223869,0.709961675931423,0.714150134586841,0.666594569014495,0.604935283043338,0.629840305990447,0.660732398260895,0.624975708826492,0.64796310050775,0.672048721880275,0.653750459778902,0.644984181308909,0.650301472022556,0.647847320100123,0.637930005039931,0.643346993128007,0.649425718309175,0.685757382589038,0.652624698723824
"LBN","Lebanon",0.454846153713644,0.454846153713644,0.44767573049065,0.440505307267657,0.467451237391763,0.49439716751587,0.501642138186816,0.508887108857762,0.490853691298621,0.447206605279689,0.397940772930581,0.259607964043239,0.205378601061372,0.247093467267761,0.301267664984337,0.290375068023489,0.301854180444312,0.283528750987849,0.279134929891305,0.277829584364795,0.277756782620636,0.291980274705794,0.290854718726052,0.290973600898132,0.282242190362083,0.291042629256112,0.314987430522527,0.31643801040175
"LSO","Lesotho",0.609971771790198,0.609971771790198,0.579713282840231,0.549454793890264,0.567957185417306,0.586459576944348,0.574113787636759,0.561767998329169,0.587072827819486,0.63153734540806,0.569442215629799,0.548472829097106,0.502608199387694,0.534701728075519,0.626034338470443,0.648504765991816,0.635975047499549,0.617096227376704,0.628084656041905,0.512672307373147,0.51509868696825,0.527803378300339,0.536530551467265,0.537466169234565,0.496297318672798,0.526310545211647,0.533237233834773,0.546746853549633
"LBR","Liberia",0.150265876071171,0.150265876071171,0.209092453867483,0.267919031663796,0.250945756179208,0.233972480694618,0.21360941244932,0.193246344204022,0.198446234414889,0.335038999586732,0.336325273107027,0.341669802952133,0.355776525141169,0.349190756319479,0.389199293195552,0.489325603196288,0.496405490785473,0.486581520891189,0.48812452822419,0.464050262898377,0.42923426428239,0.493928616515849,0.514784357747525,0.534872291795625,0.511584500635816,0.515877117054213,0.520663175491496,0.519762023197794
"LBY","Libyan Arab Jamahiriya",0.399950408682332,0.399950408682332,0.415288449328592,0.430626489974851,0.474963139246481,0.519299788518111,0.536408655328612,0.553517522139113,0.590690556688893,0.631113464943028,0.647090971500927,0.631534638413629,0.698441917579074,0.709077401337846,0.713036760082037,0.574757895620879,0.348458432295855,0.296921708471137,0.25268999368532,0.165070018461702,0.193240889200094,0.178603473057449,0.165041184869508,0.151039010086589,0.128537077866777,0.146340939222068,0.172821907164529,0.191810939899638
"LIE","Liechtenstein",0.77111835045275,0.77111835045275,0.772266905631385,0.773415460810022,0.772048367099945,0.770681273389867,0.780640541736849,0.790599810083833,0.821971865796732,0.830595160615823,0.808174417721396,0.8021063820921,0.800792361878891,0.800182754936123,0.83711608461638,0.83555468202577,0.826349752539694,0.80890938721685,0.81028080801651,0.820893354098988,0.817265817501654,0.819931386714497,0.820931395573753,0.819985670155845,0.844742057063114,0.857062429525862,0.844397715067017,0.852800430855078
"LTU","Lithuania",0.660178089882387,0.660178089882387,0.652008980536054,0.643839871189721,0.643764770038362,0.643689668887004,0.68363712151091,0.723584574134816,0.750588894333868,0.701701405471508,0.703954209302513,0.719762995254885,0.710620572731116,0.698391592091704,0.678576556919644,0.692971891882314,0.685392215192604,0.705177268350592,0.735854016137952,0.697595325578423,0.698905131493485,0.71008206540722,0.701625691657584,0.69534646944763,0.702478692262475,0.72843456480799,0.709221435999843,0.682388435736198
"LUX","Luxembourg",0.807550824640737,0.807550824640737,0.807896304804948,0.80824178496916,0.827178451717309,0.846115118465459,0.848905599065252,0.851696079665042,0.8177703848575,0.796219694582123,0.799008903714833,0.810749979369421,0.825169359415198,0.830024292403961,0.819434530191273,0.821298788037578,0.796562334452935,0.799055394293425,0.799628128690844,0.807038423407068,0.815303492629839,0.811389629848863,0.79578220736857,0.801693688486627,0.799271482174606,0.778493864392048,0.775315422272264,0.752946296839823
"MKD","Macedonia",0.487286836493107,0.487286836493107,0.467304116345964,0.447321396198822,0.455809049064028,0.464296701929234,0.427809006080237,0.391321310231241,0.399927050601601,0.42352718175138,0.371063825022504,0.443213050223278,0.496550853310269,0.519053139285035,0.51856538297983,0.480725533158959,0.463617748761714,0.485175519263054,0.498348369388585,0.614031320089623,0.51959122107761,0.50880154117396,0.525390618270965,0.533458364005768,0.571318130647108,0.589197199376374,0.580663459033782,0.590154930673462
"MDG","Madagascar",0.607302242059934,0.607302242059934,0.605555715400387,0.603809188740839,0.600870630931497,0.597932073122154,0.564549102500098,0.531166131878042,0.677004674979382,0.612171099663988,0.566730816325137,0.601839993845279,0.585344120924886,0.489186105826092,0.443676981901363,0.401622551954196,0.448544147633898,0.47769438639901,0.456387407652526,0.474064758033252,0.496337938969908,0.51931705073449,0.517828803642991,0.470348352039212,0.515911318493316,0.482303587866824,0.476637643448147,0.478571462848306
"MWI","Malawi",0.491356336073194,0.491356336073194,0.524625115621474,0.557893895169754,0.535932295444325,0.513970695718897,0.542646725086982,0.571322754455067,0.57707828523305,0.591222980965646,0.588269621843952,0.59058522871478,0.58409752948204,0.559419890862803,0.579158133011986,0.577477223410383,0.557382698753683,0.569463748900527,0.534520459422892,0.583876286519611,0.575825310179521,0.549948473027507,0.526947929608629,0.495734463779676,0.520579494500782,0.549469237602499,0.551120292721253,0.543628721522624
"MYS","Malaysia",0.668192659582654,0.668192659582654,0.615780071175702,0.56336748276875,0.574619483868241,0.585871484967732,0.624311763328379,0.662752041689027,0.65345224947956,0.62979285668466,0.667371907074295,0.619535711285755,0.603180414944512,0.588598356325286,0.562758935809123,0.594586668917847,0.583242625521691,0.569029161860769,0.578835539896094,0.615792250728059,0.613612320417579,0.592201271065133,0.589057088061892,0.612587382087834,0.595053602386158,0.591337193828676,0.580033277907964,0.594071617085466
"MDV","Maldives",0.721687288905703,0.721687288905703,0.741792182684062,0.761897076462421,0.767470870279022,0.773044664095623,0.764140108453682,0.755235552811739,0.747505996812966,0.656273117117212,0.709564383483659,0.700386052268617,0.584236392400417,0.541637509226339,0.530409324422783,0.541326976462766,0.528186261642332,0.507105527133025,0.591435986308186,0.686750531678315,0.640699491052235,0.640119661048204,0.608551873744631,0.584199342977589,0.574675335815476,0.632369412948063,0.661923588601814,0.684799055291756
"MLI","Mali",0.63274427528099,0.63274427528099,0.638057869511712,0.643371463742435,0.627301655339399,0.611231846936363,0.625916425279325,0.640601003622287,0.614258205187225,0.647751493522654,0.599844610829356,0.641180003071208,0.609575107385649,0.606051887484679,0.556924256685989,0.538461758720336,0.44806352282349,0.219960974983926,0.273662884202489,0.275068942226341,0.280439291056205,0.292468025884117,0.242468997941207,0.211336654788157,0.189016788451339,0.20070070960988,0.168614130412492,0.14339396563364
"MLT","Malta",0.797899897314677,0.797899897314677,0.806603181768441,0.815306466222205,0.829053629825238,0.842800793428271,0.843837674832875,0.844874556237481,0.83618926714442,0.796599412073621,0.807388220407095,0.781738668890449,0.788340187497918,0.788949999516022,0.784852840400038,0.785557499760883,0.752954520360782,0.753150367306333,0.74931113144,0.763544713231674,0.751189621514602,0.753388562308696,0.782951422902912,0.788648026084271,0.744282745732341,0.74168043200678,0.72258147889176,0.727061626450846
"MHL","Marshall Islands",0.771163610579327,0.771163610579327,0.771163610579327,0.771163610579327,0.771163610579327,0.771163610579327,0.771163610579327,0.771163610579327,0.771163610579327,0.764638195428919,0.754125726110241,0.748961006319437,0.757260220585594,0.744034112395394,0.808187234929875,0.768287326459099,0.752587599570227,0.746497128699211,0.751264863655253,0.740163951168445,0.74246918250901,0.713564367651843,0.747905319506553,0.741712997970082,0.772078328606484,0.739107095426147,0.730590890947335,0.751635147681312
"MRT","Mauritania",0.633317609523764,0.633317609523764,0.631968788026094,0.630619966528424,0.629968193533204,0.629316420537983,0.632482817045239,0.635649213552494,0.580201308306814,0.541310411502528,0.531305888155849,0.611273215758448,0.521866265328766,0.459159103351571,0.418048768473391,0.38479271641313,0.368018271720226,0.374845639794852,0.395356782686261,0.468512927785099,0.460569201359535,0.441128695272981,0.461633552605351,0.461131179555597,0.473085072139761,0.449341572822826,0.474358231092341,0.4826253100534
"MUS","Mauritius",0.757330766501058,0.757330766501058,0.746886884628389,0.73644300275572,0.718103981931386,0.699764961107052,0.730894223003185,0.762023484899319,0.743575071764062,0.737574382874995,0.746729130426436,0.704262088903931,0.721189478782168,0.72312711258357,0.691682706292253,0.68006935155671,0.732751821027966,0.737020392363257,0.732459773242459,0.684835804791905,0.739999931914989,0.741821011149372,0.735481025117463,0.717768012135866,0.707877423518794,0.720103297266871,0.713134581017144,0.713694775057786
"MEX","Mexico",0.410719427245915,0.410719427245915,0.453933009639689,0.497146592033463,0.516315202831402,0.53548381362934,0.547689456375124,0.559895099120908,0.549819352469296,0.53309731862358,0.493231437277873,0.46036214704689,0.444369726385206,0.431611876962673,0.451805501711887,0.444952591504205,0.455049844790783,0.4559640808909,0.447058171751742,0.423026490319378,0.431995890782454,0.460907534648298,0.431257311961093,0.453981125440317,0.424796669855451,0.433786854703797,0.451507352935145,0.450888251004336
"FSM","Micronesia, Federated States of",0.678233927302598,0.678233927302598,0.678233927302598,0.678233927302598,0.678233927302598,0.678233927302598,0.678233927302598,0.678233927302598,0.678233927302598,0.742585111596256,0.76502166579906,0.764636042137895,0.767840036644502,0.770973792848645,0.791408750252857,0.777964236830186,0.759397495226256,0.767909598198355,0.759650230069918,0.739297774473239,0.744909517480703,0.748227103215729,0.769761120866318,0.79616561621611,0.747863094494941,0.762380582581295,0.776725233174759,0.778165026091325
"MDA","Moldova, Republic of",0.571868440216787,0.571868440216787,0.604377587877704,0.63688673553862,0.566569471382229,0.496252207225838,0.519616115941638,0.542980024657438,0.547334102153931,0.532192372436169,0.500859404082246,0.506332557177875,0.567353312893611,0.523833399217203,0.469529383686274,0.504323931422151,0.56144586278762,0.57792359102683,0.570064948054937,0.542575239269597,0.513836268836375,0.517370998590558,0.515738311813274,0.500730965399525,0.503297057693926,0.511413734403816,0.534600920730836,0.454954228415534
"MCO","Monaco",0.771163610579327,0.771163610579327,0.771163610579327,0.771163610579327,0.771163610579327,0.771163610579327,0.771163610579327,0.771163610579327,0.771163610579327,0.761319522794616,0.747125643587926,0.743297809910258,0.748401253190768,0.746957563842823,0.738038529882183,0.735792329476987,0.749251085381721,0.750240860981727,0.751631128204734,0.745972033302266,0.796131963353529,0.796198284717081,0.847769153585185,0.841260370044498,0.841253007839948,0.772443567779286,0.771630095445343,0.777194589095472
"MNG","Mongolia",0.69846924386755,0.69846924386755,0.664534002803134,0.630598761738717,0.670955152526011,0.711311543313305,0.741340217151812,0.771368890990319,0.735641014640574,0.703299270456798,0.721090437648813,0.681213036196125,0.684906648066607,0.662784853742731,0.674861781274522,0.672634827189577,0.674268529089772,0.650975011201215,0.654447598001812,0.706156339018076,0.69238206445567,0.705416427207033,0.704688891692497,0.71289575028124,0.679450198357068,0.693403954853239,0.691344198689454,0.661789530854897
"MNE","Montenegro",0.578105792131374,0.578105792131374,0.578105792131374,0.578105792131374,0.578105792131374,0.578105792131374,0.578105792131374,0.578105792131374,0.578105792131374,0.578105792131374,0.578105792131374,0.578105792131374,0.588596760582831,0.701993125136477,0.710538101684883,0.670427468052954,0.667181361326171,0.672552386904644,0.656731234909531,0.607678665528854,0.593431674373671,0.616153009004776,0.559160573741727,0.576392884368805,0.579906463806418,0.559393081748689,0.560893938409889,0.559745653674351
"MAR","Morocco",0.533959611704617,0.533959611704617,0.578409353615257,0.622859095525896,0.590752918816745,0.558646742107594,0.541800426199867,0.524954110292141,0.499908510765881,0.516137557603611,0.4741602513633,0.490561089809708,0.48368321167991,0.47164991392578,0.501406498935823,0.504036200472461,0.502446046319792,0.488992986382506,0.485112197126288,0.493154928797023,0.510679698001139,0.515286171966989,0.504883310288334,0.509963749243067,0.510432879580911,0.508074451698278,0.500668207219932,0.514895421422432
"MOZ","Mozambique",0.56132582963022,0.56132582963022,0.575252648840192,0.589179468050165,0.56873170240952,0.548283936768876,0.575318021089455,0.602352105410035,0.612262091590418,0.570486058420813,0.591532041031965,0.659398649800396,0.631446338100979,0.635829808019955,0.677509693500966,0.637778110865695,0.627048000220169,0.637102346619645,0.530880884903355,0.5121234129835,0.481083615202546,0.381241201242724,0.41213191438154,0.426568448979143,0.43802791518281,0.349450197126615,0.353279568869302,0.348356817467037
"MMR","Myanmar",0.353374559764777,0.353374559764777,0.33383341295725,0.314292266149724,0.298161296591272,0.282030327032818,0.304700820924773,0.327371314816726,0.371447746558384,0.400521123087693,0.4152288390554,0.423636568935418,0.386522731944717,0.382103214908617,0.347247421423744,0.348708091009481,0.378783968063371,0.407585763325672,0.373747974060759,0.382829714792707,0.369224155708944,0.430904387562197,0.383429478119363,0.351973423548981,0.341047440323488,0.309867827305568,0.211421309886714,0.189440515109868
"NAM","Namibia",0.716903035131374,0.716903035131374,0.68690086728,0.656898699428627,0.591899912859388,0.52690112629015,0.561208294546751,0.595515462803353,0.652168816252663,0.684284808380067,0.677612302945161,0.704495977324246,0.745182903410665,0.776536030670083,0.72983960770893,0.715624657011501,0.726757981655109,0.738188798834385,0.734869603257974,0.67464729298096,0.694692125320389,0.690265584454043,0.676911991181432,0.687757574621583,0.660896273961617,0.658069792386652,0.659155030555405,0.665626992819574
"NRU","Nauru",0.771163610579327,0.771163610579327,0.771163610579327,0.771163610579327,0.771163610579327,0.771163610579327,0.771163610579327,0.771163610579327,0.771163610579327,0.764638195428919,0.754125726110241,0.748961006319437,0.757260220585594,0.744034112395394,0.808187234929875,0.820054308870689,0.752587599570227,0.746497128699211,0.751264863655253,0.673373200935603,0.757097206201281,0.7606821486514,0.730238530505612,0.732372165059068,0.706299266273261,0.703427903961088,0.705332479618383,0.721467263578079
"NPL","Nepal",0.557692274071784,0.557692274071784,0.501005642663241,0.444319011254698,0.407016166580891,0.369713321907083,0.322092306541362,0.274471291175641,0.244471127935675,0.200210292452194,0.208937970617134,0.244024227764214,0.245584830561016,0.254374010819118,0.291223833822697,0.297435832337624,0.326255540930494,0.332312933149871,0.375679230019222,0.445273237045268,0.398338301214981,0.424218449692805,0.46944311874633,0.47661411105338,0.492006235192535,0.53892109158402,0.537445305382604,0.526590288477014
"NLD","Netherlands",0.832464750420856,0.832464750420856,0.838372048002066,0.844279345583276,0.858375260302124,0.872471175020972,0.833248302263327,0.794025429505682,0.76979087729752,0.744749128060689,0.739908509330354,0.725223249111901,0.703845570643449,0.718482402321387,0.73249718923745,0.731762773445402,0.76150337283303,0.774205000852293,0.766696023884551,0.749716688423792,0.726909829687395,0.724224962885466,0.725977793048143,0.714103449186679,0.711200248928646,0.712859082811225,0.723535253516591,0.693323555067896
"NZL","New Zealand",0.800788362909845,0.800788362909845,0.798581024280756,0.796373685651667,0.800334808043743,0.804295930435821,0.800681754496604,0.797067578557389,0.774361575871065,0.827974913052159,0.785350353164336,0.7857357307351,0.783821762627432,0.769935004243419,0.754196333548306,0.782638600985903,0.806764422251101,0.804121103712175,0.820044342209377,0.822452931519111,0.829886338225665,0.8281670276266,0.838658907381581,0.830062374893791,0.813476743062424,0.82242727659462,0.809947868209073,0.795694537662577
"NIC","Nicaragua",0.480858668066866,0.480858668066866,0.483058995682918,0.48525932329897,0.521900787838942,0.558542252378915,0.556218873152866,0.553895493926817,0.506567460721101,0.511209689571722,0.511567725473359,0.523852932642924,0.549218484299268,0.531641929727737,0.517320247571867,0.483961037490888,0.523523289421509,0.50992576416402,0.527053328077389,0.562910458925174,0.554065484717704,0.553499843363459,0.560666661746568,0.406337490265074,0.399189671470953,0.469163744616567,0.488728157220924,0.509985815349183
"NER","Niger",0.574423710942069,0.574423710942069,0.545029573356606,0.515635435771143,0.553529746551699,0.591424057332255,0.569531319981958,0.547638582631661,0.577184621921471,0.483004279019924,0.486317594061084,0.53079334849633,0.490834670561239,0.454610696467011,0.372085243746802,0.370243359619617,0.418883035446369,0.372413282253715,0.342537148576752,0.367646408614082,0.3876254630396,0.380562914570045,0.353253606331808,0.336268651806852,0.328231298236794,0.283124075828,0.305260789382544,0.316667346149612
"NGA","Nigeria",0.388106282671577,0.388106282671577,0.428418382313253,0.468730481954929,0.39414851982365,0.319566557692368,0.304857765079149,0.290148972465929,0.288556152333897,0.268114304398407,0.283238343805027,0.220004163849616,0.223448404111941,0.249828208391322,0.226803436603257,0.189547072254275,0.233357644330791,0.218628600528176,0.210645632937132,0.203455117458128,0.239335569857601,0.247561367153591,0.226431327406711,0.209108388221064,0.237380279069798,0.244452363542462,0.262457362786965,0.260592182101648
"NOR","Norway",0.820542367662015,0.820542367662015,0.819066327679872,0.817590287697728,0.825643144963162,0.833696002228595,0.840152542827522,0.846609083426452,0.777145247969714,0.775779692324654,0.792751952686331,0.785428384329553,0.766994859663666,0.791058707162428,0.789527307093425,0.79912294610899,0.80009756664169,0.798290032633228,0.802525761153515,0.762591933222221,0.767006487435199,0.773199701049378,0.767880415978091,0.762708477535473,0.766381397304588,0.780063305935816,0.757175852592505,0.718036219913603
"OMN","Oman",0.72027690379227,0.72027690379227,0.718640043731905,0.717003183671541,0.739923669524542,0.762844155377542,0.746256431777752,0.729668708177961,0.752536310228781,0.761905423028583,0.73275104174169,0.714658465075096,0.731601768799379,0.728569350572349,0.712165579548641,0.671464933922266,0.644318434993005,0.649416812912724,0.648978674584981,0.696351707727944,0.703773907067405,0.698907776965315,0.698829674023731,0.680375159897239,0.671280345612643,0.642131609024365,0.644223392828696,0.661086327528936
"PAK","Pakistan",0.375992031428697,0.375992031428697,0.376267909023988,0.376543786619278,0.378205235212387,0.379866683805496,0.33403161826916,0.288196552732826,0.303444006476443,0.29762388642042,0.268635113720836,0.221621100841121,0.151428407133931,0.127291901443746,0.114988816831795,0.109585984068763,0.0865164033198575,0.109401826417346,0.122080691074351,0.156834603132469,0.144688565212563,0.144346171432153,0.157586163222578,0.182190855904062,0.182577422911771,0.261537517876416,0.275126158244987,0.243024423980296
"PLW","Palau",0.771163610579327,0.771163610579327,0.771163610579327,0.771163610579327,0.771163610579327,0.771163610579327,0.771163610579327,0.771163610579327,0.771163610579327,0.764638195428919,0.754125726110241,0.748961006319437,0.757260220585594,0.744034112395394,0.808187234929875,0.820054308870689,0.752587599570227,0.746497128699211,0.751264863655253,0.740163951168445,0.711245847429528,0.715622298645141,0.778724615159727,0.775466808885044,0.771487916715133,0.770514526634446,0.771584732781096,0.758618803669241
"PAN","Panama",0.59122575332784,0.59122575332784,0.612450681432528,0.633675609537217,0.623409704858038,0.613143800178859,0.62128976164668,0.6294357231145,0.5825235032228,0.584400143774216,0.542827284547442,0.55824417537854,0.559372152528964,0.553104764447598,0.580639774114235,0.549962115664212,0.565071368498271,0.539058107542654,0.545624781287154,0.605881459626983,0.634852454858407,0.638862908122476,0.63535444851879,0.613283738461026,0.619965513301104,0.610432073634842,0.622759608353686,0.621161799764114
"PNG","Papua New Guinea",0.43660167774593,0.43660167774593,0.49407165912591,0.55154164050589,0.542908417477111,0.534275194448332,0.504777747759306,0.47528030107028,0.473758283197882,0.475540572432527,0.411317385909618,0.420281803042038,0.441276605858822,0.464951240878044,0.433883516963257,0.430849540163676,0.440098950490056,0.468352251259614,0.480427958593157,0.511544644244331,0.498311753187404,0.483168452079882,0.451019806832159,0.45702143906777,0.448636954477049,0.457468841673802,0.47071481141026,0.465149159084485
"PRY","Paraguay",0.49082715967707,0.49082715967707,0.466166125110556,0.441505090544042,0.422231833647481,0.402958576750921,0.382248039110655,0.36153750147039,0.441015155313395,0.47253233258757,0.457749066866208,0.436340514305973,0.442602756278135,0.444782830141349,0.417922841963532,0.426304783620091,0.450778699760029,0.419932816089587,0.443335828826735,0.554679289296249,0.57598346620096,0.59305881665215,0.569434525344766,0.554993414723359,0.566819093246381,0.572796153291188,0.569753890406649,0.57611512456645
"PER","Peru",0.387284648339276,0.387284648339276,0.433805321737773,0.480325995136269,0.440183744014466,0.400041492892663,0.401557040638221,0.403072588383778,0.370009901857507,0.393182635500247,0.402073850991605,0.425153634238459,0.436622492892499,0.416361562418124,0.366922595216889,0.397910739647674,0.439054337745297,0.413832204243222,0.431314712547543,0.475196527795665,0.501301484983318,0.534154889566111,0.524594279981317,0.522281896638422,0.541771587480791,0.508384146216418,0.508806211764729,0.493142408947781
"PHL","Philippines",0.487147621101497,0.487147621101497,0.506425835694297,0.525704050287097,0.428212676370941,0.330721302454785,0.376458054875207,0.422194807295629,0.301592319748213,0.276463126388258,0.367139585429546,0.288025724978225,0.293837908618758,0.263844430834733,0.272527300038832,0.28594624056715,0.33042931619188,0.3655132764952,0.383402141577121,0.447127476961427,0.422887931168842,0.332750215288088,0.365332584616955,0.381348271075469,0.410274516305212,0.435966118519435,0.400648136496831,0.447272762582971
"POL","Poland",0.712821369456998,0.712821369456998,0.713505423873493,0.714189478289987,0.66866250255729,0.623135526824592,0.660525533642937,0.697915540461282,0.66937362691809,0.59639393120149,0.632386885366661,0.630829825246283,0.687395616654152,0.726661432187083,0.731312961204176,0.744936792500345,0.754352477908874,0.750467305167357,0.737371778697135,0.714936670275446,0.718270303155486,0.655279680922465,0.65761885223108,0.652558731115228,0.664650741937955,0.654489658953154,0.654530263869614,0.6559894056441
"PRT","Portugal",0.791162721372672,0.791162721372672,0.79830637713748,0.805450032902287,0.807658335385454,0.80986663786862,0.813503700215295,0.817140762561971,0.791790580020314,0.736773502166662,0.744819386870684,0.733765282829239,0.711301433099258,0.739813108284207,0.705378867659308,0.69338929196674,0.69752700473035,0.703295732907258,0.69873537013063,0.708628963101369,0.72547729643771,0.734837919118616,0.760219580724296,0.761755307882882,0.750837814776285,0.743444192684848,0.731160867081488,0.717995163831404
"QAT","Qatar",0.632148049503874,0.632148049503874,0.692114187361913,0.752080325219952,0.760548172934617,0.769016020649282,0.740967231258206,0.712918441867131,0.774035834207911,0.763270835120907,0.746717154026835,0.72938384828297,0.733788866492839,0.761717697066324,0.780367166060655,0.768423291406638,0.772014427131894,0.780421141889,0.778519806422008,0.738077576226092,0.739133785981083,0.722021356627485,0.681397952626285,0.681621935907887,0.687641553250436,0.685107242506178,0.713271530326294,0.734826281093317
"ROU","Romania",,,,,,,,,,,,,,,,,,,,,,,,,,,,
"RUS","Russian Federation",0.367300036372161,0.367300036372161,0.374879056820796,0.382458077269433,0.355836396885413,0.329214716501395,0.387251482530616,0.445288248559838,0.364668345604768,0.309370683676873,0.351843610861511,0.413586267646938,0.421398448498447,0.440914976011928,0.403069707075312,0.410031378987259,0.398195158630694,0.429255017906358,0.443295910912649,0.407595658210618,0.392352798154519,0.40689537720819,0.459352130511256,0.477309265172417,0.475120455099904,0.455111633989416,0.448145737525555,0.411831376477137
"RWA","Rwanda",0.252473946819207,0.252473946819207,0.235911344948035,0.219348743076861,0.249135064010575,0.278921384944288,0.282368988442118,0.285816591939949,0.378539046589999,0.365856490576952,0.397859645127795,0.452246905864351,0.507958286774396,0.513556961356096,0.482724628038458,0.523117635026933,0.539456338210079,0.530253195442865,0.550838880655342,0.515999772612468,0.57035908546599,0.55848266645842,0.583390673251663,0.587411380282515,0.579721310257901,0.581868368273796,0.582295783724926,0.575175158881604
"KNA","Saint Kitts and Nevis",0.771163610579327,0.771163610579327,0.771163610579327,0.771163610579327,0.771163610579327,0.771163610579327,0.771163610579327,0.771163610579327,0.771163610579327,0.804464153733658,0.790489274477914,0.777804196038239,0.708008928077783,0.728267418155664,0.757722460392159,0.748167877458792,0.734659431800228,0.737790337457207,0.734878790633012,0.66841079821719,0.667074014641723,0.674314383934825,0.678054855519504,0.6864282660421,0.690483876895081,0.729828267042868,0.733273173800034,0.73229815337043
"LCA","Saint Lucia",0.7480714100209,0.7480714100209,0.6891091287481,0.630146847475301,0.705284076712284,0.780421305949268,0.706391081064475,0.632360856179683,0.771163610579327,0.77951634950809,0.741975279070619,0.717889632063676,0.676237816269233,0.680156324006562,0.687895815905348,0.705876677782844,0.715992510894832,0.723669731667947,0.716728690334767,0.710379537435354,0.71404107552334,0.741713336344386,0.737587640995445,0.740796567563874,0.72586975936132,0.718673040353412,0.71303467856738,0.719458489142738
"VCT","Saint Vincent and the Grenadines",0.7480714100209,0.7480714100209,0.754815989182522,0.761560568344145,0.770990937146707,0.780421305949268,0.706391081064475,0.632360856179683,0.701466348121781,0.746570032981036,0.76734498478423,0.752126528693074,0.705565004287715,0.707648385130168,0.695323726592906,0.705876677782844,0.715992510894832,0.729721422792991,0.716728690334767,0.710379537435354,0.739816194668009,0.741713336344386,0.719780662495051,0.711492450520653,0.731284148119517,0.747554230531911,0.748864846494549,0.749490141700494
"WSM","Samoa",0.797312623075963,0.797312623075963,0.799215476100439,0.801118329124913,0.795891358715973,0.790664388307031,0.774670511610463,0.758676634913895,0.788735101071789,0.769204525897816,0.764784311605573,0.758901992200247,0.742812335068161,0.758784627585652,0.734710341752305,0.701647562942132,0.739992815800841,0.741824794789315,0.740064540899487,0.762926759722744,0.770520740417117,0.772212693966404,0.769761120866318,0.764867941327454,0.77012119214066,0.767084498092882,0.760230593269821,0.755478608099558
"SMR","San Marino",0.771163610579327,0.771163610579327,0.771163610579327,0.771163610579327,0.771163610579327,0.771163610579327,0.771163610579327,0.771163610579327,0.771163610579327,0.764638195428919,0.754125726110241,0.748961006319437,0.757260220585594,0.744034112395394,0.808187234929875,0.820054308870689,0.752587599570227,0.746497128699211,0.751264863655253,0.740163951168445,0.804915852667973,0.807799909143422,0.809543890305367,0.80922060954624,0.780806683520031,0.772443567779286,0.771630095445343,0.777194589095472
"STP","Sao Tome and Principe",0.750620947608829,0.750620947608829,0.753536339595568,0.756451731582307,0.762209047316786,0.767966363051265,0.71675608839961,0.665545813747955,0.614558896898129,0.66838281568764,0.668930448863973,0.629718927026157,0.637729528518678,0.600090596131032,0.595148793230086,0.589785445159492,0.571272222610641,0.572219937099088,0.589165771581185,0.601610788832943,0.593368659849908,0.607080670976967,0.601486556758044,0.65865823555478,0.656038623724657,0.654142379252873,0.670579490399275,0.674485806407899
"SAU","Saudi Arabia",0.537333482928955,0.537333482928955,0.563111003377632,0.588888523826309,0.599003223256208,0.609117922686106,0.589730414014271,0.570342905342436,0.594185067324592,0.457309641690733,0.528533102994083,0.480053460268951,0.489535487548564,0.512033666889734,0.48519518086086,0.530922084538288,0.48996652514281,0.487233214419716,0.495646173720793,0.520752091030153,0.460792436116162,0.488595196627052,0.45817944821938,0.456241660611476,0.462672956436585,0.458019099814431,0.468233738223139,0.507480973930659
"SEN","Senegal",0.466386932287898,0.466386932287898,0.433153412880142,0.399919893472387,0.434355569624635,0.468791245776884,0.495795337829624,0.522799429882364,0.526887816900866,0.575002581578046,0.534830089854989,0.524455495247912,0.527792568266708,0.544363732033145,0.534625191396811,0.498030359065585,0.521653940579996,0.551291247366217,0.55947972095112,0.535825597310626,0.549243541941844,0.531054906706308,0.560339819085205,0.551441975174482,0.576381429629588,0.545303489758784,0.538991811813521,0.5435537946853
"SRB","Serbia",0.391923349894124,0.391923349894124,0.296642242057473,0.201361134220822,0.244269651672159,0.287178169123496,0.384465452065609,0.481752735007721,0.469711336777833,0.482606320077318,0.438768103845556,0.477448131935955,0.468194743148064,0.47656311907117,0.487806020593501,0.497373774490302,0.521261744254322,0.532543897195898,0.556913854239588,0.601598363831044,0.610324096343736,0.592854238624184,0.584267503610556,0.570824074043075,0.556491346497584,0.540546826307425,0.555257536375033,0.540181182110836
"SYC","Seychelles",0.750620947608829,0.750620947608829,0.753536339595568,0.756451731582307,0.773558059944669,0.790664388307031,0.758001685842305,0.725338983377578,0.681032446855547,0.682741185821058,0.73023120931613,0.726945676856067,0.705426250315611,0.698760471351714,0.67282317863161,0.717315051988238,0.731247367858067,0.697961733680638,0.711951634704719,0.632137354825119,0.685971819613766,0.693091030398563,0.704018244076071,0.685844047425886,0.683240780100014,0.690651587504579,0.698021533648515,0.700049831255811
"SLE","Sierra Leone",0.277974736687371,0.277974736687371,0.23702277123715,0.196070805786931,0.222263642882795,0.24845647997866,0.349720855554614,0.450985231130567,0.383925616878915,0.481376760141098,0.487167923559727,0.517820851846851,0.559332573630043,0.528671605748901,0.520204073337565,0.529215826984338,0.54094833818022,0.521766957597475,0.539869124099453,0.552027939494491,0.551643760332721,0.541177430401122,0.563143219431142,0.554634890486079,0.56012724504173,0.517903548475954,0.553234520739351,0.554528907552613
"SGP","Singapore",0.761850278270824,0.761850278270824,0.745890592759594,0.729930907248363,0.748080889628291,0.766230872008218,0.77590365011129,0.785576428214363,0.720716041862274,0.757946689764165,0.768336257434186,0.784703648093349,0.771924973270481,0.801250028505472,0.772850519275358,0.77109989367254,0.774885727921466,0.80529245301437,0.807013404216119,0.773999720441302,0.793373823134171,0.82409433399816,0.845022456569555,0.822466938164536,0.82458231075935,0.817375758389098,0.818048528535249,0.82107925489076
"SVK","Slovakia",0.721128171510574,0.721128171510574,0.747046407605111,0.77296464369965,0.728523541869247,0.684082440038843,0.707860668863871,0.7316388976889,0.732998526656758,0.672031649358582,0.724420994398818,0.70482784048617,0.748266785293178,0.756085364495159,0.728278605015224,0.751127586225566,0.737613019068233,0.757163096906628,0.76251617839323,0.748685508113519,0.718862150574186,0.691762511359123,0.725222203227689,0.69662779039857,0.68471703541126,0.678979078788467,0.67620688065485,0.646209696134133
"SVN","Slovenia",0.795581684705367,0.795581684705367,0.789681431461937,0.783781178218506,0.753130546775142,0.722479915331777,0.758351877612353,0.794223839892928,0.774038090036604,0.755995438960474,0.757921793618417,0.756703441049291,0.758922684301614,0.767652331189777,0.731101436249215,0.718991071183946,0.736658659978695,0.730792623555019,0.721699306320372,0.736067520069903,0.732922577006199,0.738367296406539,0.718966185291964,0.723733725426438,0.707804785834905,0.690588188464561,0.699887616665308,0.691488828069925
"SLB","Solomon Islands",0.7480714100209,0.7480714100209,0.754815989182522,0.761560568344145,0.602698411002472,0.4438362536608,0.469245677340045,0.49465510101929,0.631769075410466,0.573140903835807,0.566969852456807,0.58148773307017,0.609509365359921,0.605431662766407,0.606915449469355,0.628982573272187,0.622835014554607,0.602149816535503,0.621600584079165,0.650818466943743,0.680022522603814,0.654522189028273,0.602282561800273,0.630893521645538,0.655196938151412,0.666689006206564,0.663109159878536,0.635213628412679
"SOM","Somalia",0.138240381433563,0.138240381433563,0.169757261348501,0.201274141263438,0.217975394569046,0.234676647874656,0.198536241979708,0.162395836084761,0.126980268963685,0.0747316671263092,0.104484119868338,0.0974721429765559,0.014528603169546,0.00557956668730009,0,0.0313058984096158,0.0394127725184611,0.0777910630137442,0.0953499413730624,0.137128791084178,0.162200276244679,0.166145064386272,0.182874618088202,0.183033264367866,0.159413466493397,0.125851042135436,0.100770738735499,0.1427014672402
"ZAF","South Africa",0.504694343620295,0.504694343620295,0.49034142080048,0.475988497980664,0.503357408801768,0.530726319622872,0.528410378222902,0.526094436822934,0.516107647365906,0.547264458569942,0.542041197461134,0.578016417736654,0.606971842623219,0.5784463056273,0.550229724878312,0.56486353233591,0.574059992531054,0.565558584237709,0.561961816310618,0.544742606152326,0.531985589848344,0.544278807773208,0.520931121798179,0.529047819015602,0.521198499020806,0.526421624267204,0.440734776314488,0.445700121863967
"ESP","Spain",0.599989324803402,0.599989324803402,0.596313164843984,0.592637004884566,0.620802510339488,0.64896801579441,0.647140874020417,0.645313732246423,0.561756868506187,0.554349200035978,0.603132153027708,0.544009813018871,0.522319799687334,0.50402378828777,0.488280646950341,0.515212893422676,0.5735564559992,0.564848144956701,0.571993260761769,0.611750000533196,0.611412546504934,0.639118672954222,0.616519242792955,0.617368044480348,0.620279093996854,0.64069848618309,0.6575116388456,0.615569959317975
"LKA","Sri Lanka",0.264005681571159,0.264005681571159,0.289419519497005,0.31483335742285,0.278597673526958,0.242361989631063,0.339256302088111,0.436150614545157,0.426597887543577,0.396100098747875,0.37170694127512,0.325376957177481,0.268653119335307,0.260514068906297,0.33925075480028,0.40771102334069,0.445243665181867,0.446566954800248,0.464489657312552,0.51307623400802,0.584235734877622,0.567975024728497,0.556946466344841,0.545946682914649,0.532841448690725,0.554588215339684,0.505104427642121,0.434784535957991
"SDN","Sudan",0.143372801859,0.143372801859,0.16225853814754,0.181144274436079,0.182502898534794,0.183861522633508,0.218073236011688,0.252284949389868,0.229813614410135,0.303445544541461,0.230460422018791,0.201941087270055,0.163467108623155,0.142372239296339,0.114550652869635,0.111419029448982,0.135909249078104,0.181041900828521,0.192663150964485,0.163405216886855,0.199175605353681,0.168906526826068,0.230765204982641,0.256526009868881,0.278129445520589,0.284861699654539,0.228004480814054,0.226056757306136
"SUR","Suriname",0.645654890447935,0.645654890447935,0.659336399182258,0.67301790791658,0.639745835627443,0.606473763338305,0.630577881224385,0.654681999110465,0.653068215152245,0.621924126309345,0.61001641669077,0.567532056716383,0.566945819229619,0.587066555077657,0.595260210659947,0.584114075216465,0.590565156966303,0.583572180304368,0.592767814750856,0.612807827819897,0.612848850577353,0.596215059366849,0.590535124965117,0.579931268949986,0.58500023522141,0.641970671027826,0.629844079376623,0.638099833052271
"SWZ","Swaziland",0.534346437619938,0.534346437619938,0.551705928520187,0.569065419420435,0.572722784305448,0.576380149190461,0.584022369051093,0.591664588911724,0.581322114229095,0.569124158844418,0.502292598699888,0.523328175620283,0.578187855590378,0.556611446304469,0.567394152685416,0.556839090180812,0.487397059359138,0.499790674478014,0.495624322943779,0.483814726492665,0.487315623943349,0.484887619126212,0.523326842630601,0.504931215886743,0.522719686338094,0.562945367874186,0.510396181349596,0.526966030070443
"SWE","Sweden",0.820542367662015,0.820542367662015,0.815585163603361,0.810627959544707,0.809989939414184,0.809351919283661,0.816532909013325,0.823713898742987,0.800723128445573,0.804269270642185,0.79354803463181,0.792520873798115,0.788657828685314,0.764033202681205,0.756515797117166,0.758155620516131,0.781640704402606,0.771303287390443,0.76393712488645,0.753208793269461,0.730372834342933,0.742090059735984,0.736554051049978,0.728403916299076,0.743980239104717,0.741491003919236,0.744426339482368,0.725203787462547
"CHE","Switzerland",0.820542367662015,0.820542367662015,0.819066327679872,0.817590287697728,0.829559314841663,0.841528341985598,0.838393632181143,0.835258922376688,0.784293640974774,0.781064709307352,0.775807869675772,0.788079659791503,0.782280785540252,0.780188278845364,0.794892693100167,0.786441394965088,0.793623256264928,0.813921715525729,0.81096352431644,0.811223703394785,0.798122198978529,0.791819003461836,0.783640845166317,0.796875874133619,0.795428903580303,0.7722594306354,0.761777127898597,0.769676322215023
"SYR","Syrian Arab Republic",0.510066430463629,0.510066430463629,0.536202320061363,0.562338209659098,0.550610572206739,0.53888293475438,0.578276604505325,0.61767027425627,0.580874711623063,0.520769004618461,0.490515481055058,0.522064132266373,0.511457077076006,0.511601593665042,0.482345453996598,0.431306119890979,0.223783784315871,0.108495188358415,0.108689763836883,0.0970465706400042,0.0598274889870453,0.070001440449157,0.12042651240189,0.0992047834724367,0.10022790432202,0.103423101096726,0.112414178022782,0.088715549189288
"TJK","Tajikistan",0.205782271352075,0.205782271352075,0.229453471359426,0.253124671366775,0.269793163887513,0.286461656408251,0.343700699889308,0.400939743370366,0.380780663561444,0.345005086688625,0.330381061965399,0.331467817691636,0.440550567394236,0.427038133020394,0.393527572214818,0.39195456236021,0.393899271260693,0.356461169149255,0.366522452221958,0.45065067122798,0.418140980598069,0.435636347125935,0.453924381094941,0.441292570973703,0.481834119154676,0.483896561805359,0.453493087156526,0.450392758232093
"TZA","Tanzania, United Republic of",0.462202534124126,0.462202534124126,0.480964225469012,0.499725916813897,0.474449858752312,0.449173800690727,0.487763188046208,0.526352575401689,0.422746357410873,0.454383462741339,0.469554505414891,0.508422121041697,0.503339641587375,0.530542433696273,0.585267668839754,0.572415397766018,0.56577417545206,0.57877751382987,0.542036255145545,0.467203747349811,0.497078050729404,0.492814108969815,0.471841044138611,0.470059841803245,0.503102400185323,0.487210871461897,0.512193938391432,0.524190050860324
"THA","Thailand",0.650229141951671,0.650229141951671,0.665027165406875,0.67982518886208,0.664008715148062,0.648192241434044,0.652606347044725,0.657020452655406,0.544967032909341,0.446510794919578,0.420238265548279,0.375497902407438,0.378482999500765,0.351088072309891,0.324874563620193,0.321723458042653,0.374924429738811,0.360629284331374,0.344277520412789,0.414000519824961,0.398748605692793,0.399392808844686,0.440064210728196,0.432399397012889,0.485386946807231,0.470445127090107,0.472088077887941,0.504021404286993
"TLS","Timor-Leste",,,,,,,,,,,,,,,,,,,,,,,,,,,,
"TGO","Togo",0.505216439790456,0.505216439790456,0.484597627220945,0.463978814651435,0.491934943315536,0.519891071979638,0.54984459051408,0.579798109048523,0.537928911475704,0.515758721936056,0.322165600466324,0.479210785207211,0.511194088465562,0.540859202185578,0.541441944259375,0.539072606368885,0.541954086585432,0.503443650670736,0.509077095775596,0.541175072034762,0.529993800777678,0.539800513582468,0.419495462175003,0.417506846645156,0.413680991944477,0.416700736515763,0.450242848161729,0.44760413356409
"TON","Tonga",0.678233927302598,0.678233927302598,0.678233927302598,0.678233927302598,0.678233927302598,0.678233927302598,0.678233927302598,0.678233927302598,0.678233927302598,0.710591052136549,0.68644977844481,0.650401435994921,0.618262249847055,0.618387761079359,0.606915449469355,0.68857524074614,0.731254945391719,0.723808865029422,0.730850372769539,0.715668768716201,0.719298284290524,0.72424152271882,0.702658225465074,0.713315385686824,0.748455844245119,0.757267644312745,0.755539966639985,0.761609335258963
"TTO","Trinidad and Tobago",0.617040846782311,0.617040846782311,0.628945175221289,0.640849503660267,0.61858717633575,0.596324849011233,0.575014825536875,0.553704802062516,0.526912907868183,0.558171532567768,0.548945736666289,0.529023702156129,0.537485469387092,0.549746677615502,0.545537644777035,0.561182754977137,0.594195864541014,0.587864690339934,0.586042636997707,0.612565867121682,0.617984234341391,0.617622409672928,0.616253162671826,0.609598747444966,0.583952654011167,0.588913973675463,0.611045984596217,0.631508106792079
"TUN","Tunisia",0.615091728762111,0.615091728762111,0.615170864770699,0.615250000779286,0.620208568588922,0.625167136398559,0.61081219871357,0.596457261028582,0.624609054633874,0.595551048500973,0.574093689933434,0.605796173921767,0.597151689693619,0.587098062339539,0.580180831534549,0.558920017809562,0.509071768943752,0.445837942743294,0.414658196426406,0.423414810721207,0.404746925961734,0.373859801641292,0.393855159555994,0.420566478369228,0.419043301821184,0.467683264753407,0.43977656180864,0.467345392884148
"TUR","Turkey",0.353384218813087,0.353384218813087,0.355761164998529,0.358138111183972,0.395205180744377,0.432272250304783,0.431988277360618,0.431704304416453,0.438032324302527,0.426493616989163,0.466441205475479,0.468391707754194,0.428971132119211,0.428195024511424,0.392599298707976,0.412469591429229,0.404777882083651,0.359958154787909,0.354900381784652,0.383095451412649,0.312688228396832,0.224625372478332,0.262616296172096,0.343678290282005,0.332845616334235,0.37314745195536,0.374369249790126,0.391038224237902
"TKM","Turkmenistan",0.647210279204327,0.647210279204327,0.625568486774528,0.603926694344728,0.587652844634331,0.571378994923934,0.576709392835402,0.58203979074687,0.579080501102813,0.550105979857336,0.582434709447624,0.527838036032064,0.617618215882314,0.662424136481081,0.653441600942756,0.627401924361326,0.610202994231149,0.643569663927462,0.612777663801463,0.58269148812056,0.554516956787428,0.536354594265831,0.547764386096319,0.567693020347339,0.539278789111353,0.535233690932766,0.512810107744941,0.552674576634274
"TUV","Tuvalu",0.771163610579327,0.771163610579327,0.771163610579327,0.771163610579327,0.771163610579327,0.771163610579327,0.771163610579327,0.771163610579327,0.771163610579327,0.788419941295954,0.808174417721396,0.8021063820921,0.800792361878891,0.800182754936123,0.811216484742968,0.814677889810889,0.793992473899242,0.791904519876803,0.790799204832691,0.793448675631686,0.804915852667973,0.807799909143422,0.778724615159727,0.80922060954624,0.771487916715133,0.779492253156151,0.788004971354256,0.773700536034115
"UGA","Uganda",0.306558136970966,0.306558136970966,0.343280208294198,0.380002279617432,0.36758490652092,0.355167533424408,0.340626031016249,0.326084528608092,0.301393847838367,0.345466178073312,0.32612115506304,0.373752649778413,0.412264393048373,0.419272565792679,0.399305836394835,0.397800152772921,0.402007386075319,0.420437834611171,0.425646184179636,0.408024234900836,0.431514948105276,0.446361018148183,0.471877752623693,0.449208386646085,0.450491758350381,0.430403860190464,0.408606197688358,0.431092031494322
"UKR","Ukraine",0.5437517410896,0.5437517410896,0.546436693766825,0.549121646444051,0.524301841270952,0.499482036097853,0.509459868889596,0.519437701681339,0.507372776183568,0.48880763929414,0.520834336493517,0.563581805720322,0.599657033546716,0.577239586597449,0.517917944764517,0.572184894851108,0.55780954896592,0.554051829263791,0.436209778779493,0.222282550828743,0.232828160321664,0.251097788779295,0.248674782673463,0.247870948880297,0.324211288462084,0.369697736181573,0.376056507114228,0.226278546281647
"ARE","United Arab Emirates",0.735765023696045,0.735765023696045,0.72779095637457,0.719816889053095,0.72877319545599,0.737729501858885,0.734447235223543,0.731164968588201,0.741035182970675,0.702175026959204,0.720522901911154,0.728781665067352,0.737722098639268,0.689661576067938,0.72802823879169,0.707851983923406,0.726847127903518,0.718430702829268,0.72385664758263,0.702200989496698,0.698612509497039,0.664481288188104,0.673478866002299,0.688469206543839,0.684746207377757,0.671861436829988,0.672706900916293,0.69048171335029
"GBR","United Kingdom",0.738749628608567,0.738749628608567,0.734337427635066,0.729925226661565,0.738787952061918,0.74765067746227,0.716641092405142,0.685631507348013,0.616589019675912,0.594155803074194,0.591289827834744,0.68468341330998,0.668783543147276,0.654715805779548,0.59090478094796,0.640770795746442,0.630429989864357,0.639128347383181,0.653566917353491,0.641377962292716,0.6565782897242,0.629780582925821,0.635418949838737,0.583269257117468,0.660666405017882,0.652750738025118,0.654201825465796,0.65661832042972
"USA","United States",0.730774576925481,0.730774576925481,0.726009974495191,0.7212453720649,0.738723250793519,0.756201129522137,0.687618738619344,0.619036347716552,0.583763975730318,0.529836087590793,0.559510613627855,0.654364111832666,0.634347179992653,0.670160572757366,0.646877057418305,0.645344329486503,0.671637914967891,0.678724652073287,0.680553411378991,0.670119301346065,0.683962624773987,0.636266562089183,0.615032333818022,0.636336620950726,0.590204132091649,0.565293252000694,0.567366413682827,0.563731917020859
"URY","Uruguay",0.677176456334293,0.677176456334293,0.689384852536889,0.701593248739484,0.715697392106175,0.729801535472865,0.72197227697278,0.714143018472694,0.69228307459115,0.671588696887334,0.703706878193946,0.724511627443411,0.713661952750315,0.715305159892317,0.705702148418434,0.711847917853711,0.734574910000638,0.691923741588015,0.708364692770077,0.740558557129313,0.741076321083008,0.750302691195426,0.748852316391541,0.746074488939958,0.746803162622608,0.751397321814553,0.749838585203306,0.758378250300518
"UZB","Uzbekistan",0.476387861689319,0.476387861689319,0.464404474145004,0.452421086600689,0.399186421026883,0.345951755453077,0.367031141592052,0.388110527731026,0.346425746076375,0.319533807161263,0.233109728757518,0.262911481610239,0.335615712445662,0.36226773372559,0.406402622191678,0.445989124280739,0.466756334490013,0.480687296862626,0.47770436331409,0.522943064647457,0.505495157679144,0.521627885758601,0.527782188891282,0.517548060635363,0.518890591447112,0.494798694769316,0.526406792193553,0.536171072347953
"VUT","Vanuatu",0.7480714100209,0.7480714100209,0.754815989182522,0.761560568344145,0.770990937146707,0.780421305949268,0.775243963771554,0.770066621593841,0.701466348121781,0.677343049283213,0.808174417721396,0.8021063820921,0.782040273186597,0.773865929292321,0.781504862500269,0.789303159751554,0.760781917802197,0.776654031018219,0.76954677612549,0.679344502529071,0.648799177270565,0.654170566857759,0.686266758961505,0.707959176801353,0.7423180830017,0.72172911402041,0.724817763904477,0.733298203244751
"VEN","Venezuela, Bolivarian Republic o",0.469452234345,0.469452234345,0.473437447962134,0.477422661579267,0.4583961410728,0.439369620566333,0.391289031373409,0.343208442180486,0.348619211359009,0.330531853859707,0.355863764188957,0.354395465800735,0.35838610878738,0.344147441127383,0.350108160833531,0.353815881887106,0.381717488709783,0.393228572375433,0.384541109483815,0.423356200190277,0.40276974338185,0.393943526518127,0.354628369859437,0.337437663250221,0.305140984371455,0.302937983085715,0.319814022099902,0.3537770816336
"VNM","Viet Nam",0.660361068350625,0.660361068350625,0.642582610702537,0.62480415305445,0.632525590633373,0.640247028212296,0.635508262710856,0.630769497209417,0.591674591461221,0.595756708301335,0.653194685111744,0.639618549211764,0.613255299638854,0.59835561264944,0.616679375868802,0.595456406233568,0.602454671275721,0.615919469212532,0.613032572443683,0.566081441429623,0.580902756956935,0.608947771680113,0.606296634644016,0.575558548182901,0.576619565031932,0.563296547210147,0.549593714486079,0.564667821252769
"YEM","Yemen",0.34430243706607,0.34430243706607,0.354511569202016,0.36472070133796,0.36879833728199,0.372875973226021,0.358989809560482,0.345103645894941,0.315018827556415,0.303075732188674,0.322775412484429,0.33849234519396,0.295667242135402,0.223665537877332,0.169265203588128,0.152974757194904,0.152444883542639,0.151779701183909,0.16138497874025,0.11136788366027,0.110947930387916,0.0909112087780111,0.0651365613066154,0.0545196471194866,0.0932533741865278,0.114452134678387,0.126036061103262,0.143828971435631
"ZMB","Zambia",0.542409894716783,0.542409894716783,0.574993782884855,0.607577671052927,0.591824238458381,0.576070805863834,0.549395387090257,0.522719968316681,0.607493669632001,0.602751587037008,0.588584744449882,0.632508900064492,0.632480871392991,0.651222398705499,0.667911562820071,0.658581568140546,0.657622061660083,0.683631007702466,0.644919305726474,0.596798949862526,0.594820224090741,0.592793456858138,0.594361388534747,0.584122683253679,0.549793292521017,0.547389039272911,0.578931214589642,0.587526817188955
"ZWE","Zimbabwe",0.489738968423484,0.489738968423484,0.466143295098814,0.442547621774145,0.392798842136452,0.34305006249876,0.326100637275707,0.309151212052654,0.382829735300241,0.362681022049536,0.351853557015292,0.409594886389084,0.378913616690572,0.361367740107535,0.369136116867348,0.380002710275636,0.407301303327585,0.435972886005512,0.455362738484159,0.447170614558282,0.463403834679092,0.463128162159138,0.447710670200962,0.44588585859547,0.407652658900163,0.388825379336052,0.405736281157301,0.417765631211219
